名稱,型態,屬性1,屬性2,攻擊,防禦,體力,細招1,細招2,細招3,細招4,大招1,大招2,大招3,大招4,大招5,大招6,大招7,大招8,大招9,大招10
洛奇亞,,超能力,飛行,193,310,235,神通力,龍尾,,,氣旋攻擊,水炮,神鳥猛擊,預知未來,,,,,,
酋雷姆(白),焰白,龍,冰,310,183,245,鋼翼,龍息,,,原始之力,暴風雪,真氣彈,龍之波動,,,,,,
酋雷姆(黑),暗黑,龍,冰,310,183,245,暗影爪,龍尾,,,尖石攻擊,暴風雪,逆鱗,鐵頭,,,,,,
請假王,,一般,,290,166,284,哈欠,,,,地震,嬉鬧,泰山壓頂,破壞光線,,,,,,
雷吉奇卡斯,,一般,,287,210,221,意念頭錘,覺醒力量,,,打雷,真氣彈,終極衝擊,,,,,,,
蓋歐卡,,水,,270,228,205,攀瀑,,,,打雷,暴風雪,水炮,衝浪,,,,,,
固拉多,,地面,,270,228,205,泥巴射擊,龍尾,,,地震,大字爆炎,日光束,,,,,,,
騎拉帝納(另類),另類,幽靈,龍,187,225,284,暗影爪,龍息,,,原始之力,影子偷襲,龍爪,,,,,,,
騎拉帝納(起源),起源,幽靈,龍,225,187,284,暗影爪,龍尾,,,奇異之風,暗影球,龍之波動,,,,,,,
帝牙盧卡,,鋼,龍,275,211,205,金屬爪,龍息,,,打雷,流星群,鐵頭,,,,,,,
萊希拉姆,,龍,火,275,211,205,火焰牙,龍息,,,咬碎,尖石攻擊,流星群,過熱,,,,,,
捷克羅姆,,龍,電,275,211,205,充電光束,龍息,,,加農光炮,咬碎,瘋狂伏特,逆鱗,,,,,,
超夢,,超能力,,300,182,214,念力,精神利刃,,,冰凍光束,十萬伏特,噴射火焰,暗影球,真氣彈,破壞光線,精神強念,精神擊破,,
達摩狒狒(達摩),達摩,火,超能力,243,202,233,撞擊,火焰牙,,,岩崩,真氣彈,精神強念,過熱,,,,,,
帕路奇亞,,水,龍,280,215,189,龍尾,龍息,,,大字爆炎,水炮,流星群,,,,,,,
美錄梅塔,,鋼,,226,190,264,電擊,,,,加農光炮,十萬伏特,岩崩,破壞光線,蠻力,,,,,
巨金怪,,超能力,鋼,257,228,190,子彈拳,意念頭錘,,,加農光炮,地震,彗星拳,精神強念,,,,,,
超夢(Armored),裝甲,超能力,,182,278,214,念力,鐵尾,,,地震,岩崩,爆裂拳,預知未來,,,,,,
幸福蛋,,一般,,129,169,496,意念頭錘,拍擊,,,破壞光線,精神強念,魔法閃耀,,,,,,,
拉帝歐斯,,水,龍,268,212,190,意念頭錘,龍息,,,日光束,精神強念,龍爪,,,,,,,
拉帝亞斯,,水,龍,228,246,190,意念頭錘,撒嬌,龍息,,打雷,精神強念,逆鱗,,,,,,,
卡比獸,,一般,,190,169,330,哈欠,意念頭錘,舌舔,,地震,報恩,泰山壓頂,火箭頭錘,破壞光線,蠻力,逆鱗,遷怒,重磅衝撞,
雷吉艾斯,,冰,,179,309,190,冰息,碎岩,鎖定,,地震,暴風雪,真氣彈,,,,,,,
雷吉洛克,,岩石,,179,309,190,碎岩,落石,鎖定,,尖石攻擊,真氣彈,電磁炮,,,,,,,
代拉基翁,,岩石,格鬥,260,192,209,意念頭錘,擊落,,,地震,岩崩,近身戰,,,,,,,
凱路迪歐,,水,格鬥,260,192,209,毒擊,踢倒,,,十字剪,水流噴射,水炮,近身戰,,,,,,
酋雷姆,,龍,冰,246,170,245,鋼翼,龍息,,,冰凍之風,暴風雪,流星群,龍爪,,,,,,
克雷色利亞,,超能力,,152,258,260,念力,精神利刃,,,月亮之力,極光束,預知未來,,,,,,,
炎帝,,火,,235,171,251,火焰旋渦,火焰牙,,,噴射火焰,大字爆炎,過熱,鐵頭,,,,,,
基拉祈,,鋼,超能力,210,210,225,充電光束,念力,,,破滅之願,精神強念,魔法閃耀,,,,,,,
瑪納霏,,水,,210,210,225,攀瀑,泡沫,,,泡沫光線,精神強念,衝浪,,,,,,,
謝米(陸地),陸地,草,,210,210,225,意念頭錘,覺醒力量,,,打草結,日光束,能量球,,,,,,,
比克提尼,,超能力,火,210,210,225,念力,電光一閃,,,V熱焰,真氣彈,精神強念,過熱,,,,,,
雷公,,電,,241,195,207,伏特替換,電擊,,,十萬伏特,打雷,暗影球,瘋狂伏特,,,,,,
達克萊伊,,惡,,285,198,172,出奇一擊,大聲咆哮,,,惡之波動,暗影球,污泥炸彈,真氣彈,,,,,,
閃電鳥,,電,飛行,253,185,207,充電光束,電擊,,,十萬伏特,原始之力,啄鑽,報恩,打雷,遷怒,電磁炮,,,
波克基斯,,飛行,妖精,225,217,198,撒嬌,空氣斬,覺醒力量,,原始之力,噴射火焰,燕返,魔法閃耀,,,,,,
水君,,水,,180,235,225,冰凍牙,大聲咆哮,神通力,覺醒力量,冰凍光束,報恩,水之波動,水炮,泡沫光線,遷怒,,,,
勾帕路翁,,鋼,格鬥,192,229,209,意念頭錘,金屬爪,,,尖石攻擊,聖劍,近身戰,鐵頭,,,,,,
河馬獸,,地面,,201,191,239,冰凍牙,咬住,火焰牙,雷電牙,地震,報恩,大地之力,尖石攻擊,泰山壓頂,遷怒,,,,
水伊布,,水,,205,161,277,水槍,,,,水之波動,水流尾,水炮,熱水,珍藏,,,,,
美納斯,,水,,192,219,216,攀瀑,龍尾,,,暴風雪,破壞光線,衝浪,,,,,,,
龐岩怪,,岩石,,226,201,198,擊落,擲泥,,,岩崩,日光束,蠻力,重磅衝撞,,,,,,
修建老匠,,格鬥,,243,158,233,毒擊,雙倍奉還,,,尖石攻擊,爆裂拳,真氣彈,,,,,,,
雙斧戰龍,,龍,,284,172,183,雙倍奉還,龍尾,,,地震,暗襲要害,衝浪,龍爪,,,,,,
雷電雲(靈獸),靈獸,電,飛行,295,161,188,電擊,驚嚇,,,劈瓦,咬碎,打雷,雷電拳,,,,,,
象牙豬,,冰,地面,247,146,242,擲泥,細雪,,,原始之力,尖石攻擊,重踏,雪崩,,,,,,
巨蔓藤,,草,,207,184,225,死纏爛打,藤鞭,,,原始之力,強力鞭打,日光束,污泥炸彈,,,,,,
龍捲雲(靈獸),靈獸,飛行,,238,189,188,咬住,空氣斬,,,惡之波動,打草結,暴風,破壞光線,,,,,,
雷電雲,,電,飛行,266,164,188,電擊,驚嚇,,,劈瓦,咬碎,打雷,雷電拳,,,,,,
龍捲雲,,飛行,,266,164,188,咬住,空氣斬,,,惡之波動,打草結,暴風,破壞光線,,,,,,
頓甲,,地面,,214,185,207,撒嬌,撞擊,擲泥,雙倍奉還,地震,嬉鬧,重磅衝撞,,,,,,,
龍頭地鼠,,地面,鋼,255,129,242,擲泥,金屬爪,,,地震,岩崩,直衝鑽,鐵頭,,,,,,
冰伊布,,冰,,238,205,163,冰息,冰礫,,,冰凍之風,冰凍光束,水之波動,珍藏,雪崩,,,,,
拉普拉斯,,水,冰,165,174,277,冰息,冰礫,水槍,,冰凍光束,報恩,暴風雪,水炮,火箭頭錘,衝浪,遷怒,龍之波動,,
幾何雪花,,冰,,190,218,190,冰息,冰礫,,,日光束,暗襲要害,極光束,水之波動,,,,,,
多邊獸Z,,一般,,264,150,198,充電光束,覺醒力量,鎖定,,三重攻擊,報恩,日光束,暴風雪,破壞光線,遷怒,電磁炮,,,
沙奈朵,,超能力,妖精,237,195,169,充電光束,念力,撒嬌,,同步干擾,報恩,暗影球,精神強念,遷怒,魔法閃耀,,,,
艾路雷朵,,超能力,格鬥,237,195,169,念力,撒嬌,踢倒,,同步干擾,報恩,精神強念,葉刃,近身戰,遷怒,,,,
風速狗,,火,,227,166,207,咬住,大聲咆哮,火焰牙,雷電牙,咬碎,噴射火焰,報恩,大字爆炎,瘋狂伏特,遷怒,重踏,,,
鳳王,,火,飛行,239,244,214,燒盡,神通力,覺醒力量,鋼翼,勇鳥猛攻,大字爆炎,日光束,,,,,,,
帝牙海獅,,冰,水,182,176,242,冰息,攀瀑,,,地震,暴風雪,水之波動,,,,,,,
雷吉斯奇魯,,鋼,,143,285,190,碎岩,金屬爪,鎖定,,加農光炮,真氣彈,破壞光線,,,,,,,
葉伊布,,草,,216,219,163,種子機關槍,電光一閃,飛葉快刀,,日光束,珍藏,能量球,葉刃,,,,,,
怪力,,格鬥,,234,159,207,子彈拳,空手劈,雙倍奉還,,十字劈,地獄翻滾,尖石攻擊,岩崩,爆裂拳,近身戰,重磅衝撞,,,
帝王拿波,,水,鋼,210,186,197,攀瀑,金屬爪,,,加農光炮,加農水炮,暴風雪,水炮,,,,,,
鴨嘴炎獸,,火,,247,172,181,火焰旋渦,空手劈,,,劈瓦,報恩,大字爆炎,火焰拳,精神強念,遷怒,,,,
爆炸頭水牛,,一般,,195,182,216,意念頭錘,泥巴射擊,,,地震,火箭頭錘,超級角擊,踩踏,,,,,,
人造細胞卵,,超能力,,214,148,242,意念頭錘,覺醒力量,,,打雷,暗影球,預知未來,,,,,,,
凍原熊,,冰,,233,152,216,撒嬌,細雪,,,冰凍拳,嬉鬧,衝浪,,,,,,,
水晶燈火靈,,幽靈,火,271,182,155,火焰旋渦,燒盡,禍不單行,,暗影球,能量球,蓄能焰襲,過熱,,,,,,
大力鱷,,水,,205,188,198,冰凍牙,咬住,攀瀑,水槍,冰凍光束,加農水炮,咬碎,水炮,,,,,,
由克希,,超能力,,156,270,181,念力,神通力,,,打雷,預知未來,高速星星,,,,,,,
臭臭泥(Alola),Alola,毒,惡,190,172,233,咬住,大聲咆哮,毒擊,,垃圾射擊,惡之波動,污泥波,酸液炸彈,,,,,,
臭臭泥,,毒,,190,172,233,死纏爛打,毒擊,溶解液,舌舔,垃圾射擊,報恩,惡之波動,污泥波,遷怒,酸液炸彈,雷電拳,,,
烈咬陸鯊,,龍,地面,261,193,239,泥巴射擊,龍尾,,,地震,大地之力,大字爆炎,流沙地獄,逆鱗,,,,,
太陽伊布,,超能力,,261,175,163,念力,意念頭錘,,,幻象光線,暗影球,珍藏,精神強念,預知未來,,,,,
長毛狗,,一般,,206,182,198,冰凍牙,猛撞,舌舔,,咬碎,嬉鬧,瘋狂伏特,,,,,,,
電龍,,電,,211,169,207,伏特替換,充電光束,,,力量寶石,報恩,打雷,真氣彈,遷怒,電磁炮,龍之波動,,,
始祖大鳥,,岩石,飛行,292,139,181,翅膀攻擊,鋼翼,,,原始之力,咬碎,龍爪,,,,,,,
電擊魔獸,,電,,249,163,181,踢倒,電擊,,,冰凍拳,報恩,打雷,瘋狂伏特,遷怒,雷電拳,,,,
班基拉斯,,岩石,惡,251,207,225,咬住,擊落,鐵尾,,咬碎,報恩,大字爆炎,尖石攻擊,遷怒,,,,,
大鋼蛇,,鋼,地面,148,272,181,鐵尾,雷電牙,龍尾,,咬碎,地震,報恩,遷怒,重磅衝撞,,,,,
炎武王,,火,格鬥,235,127,242,火花,踢倒,,,岩崩,熱風,真氣彈,,,,,,,
鐵掌力士,,格鬥,,209,114,302,子彈拳,雙倍奉還,,,爆裂拳,蠻力,近身戰,重磅衝撞,,,,,,
大劍鬼,,水,,212,157,216,攀瀑,連斬,,,暴風雪,水炮,超級角擊,,,,,,,
超甲狂犀,,岩石,地面,241,190,251,擊落,擲泥,,,地震,報恩,尖石攻擊,岩石炮,火箭頭錘,蠻力,衝浪,遷怒,,
火伊布,,火,,246,179,163,火焰旋渦,火花,,,噴射火焰,大字爆炎,熱風,珍藏,蠻力,過熱,,,,
火爆獸,,火,,223,173,186,暗影爪,火花,燒盡,,大字爆炎,日光束,爆炸烈焰,過熱,,,,,,
投摔鬼,,格鬥,,172,160,260,意念頭錘,踢倒,,,下盤踢,泰山壓頂,真氣彈,,,,,,,
妙蛙花,,草,毒,198,189,190,藤鞭,飛葉快刀,,,報恩,日光束,污泥炸彈,瘋狂植物,落英繽紛,遷怒,,,,
凱羅斯,,蟲,,238,182,163,碎岩,蟲咬,連斬,,十字剪,地獄翻滾,夾住,蠻力,近身戰,,,,,
多邊獸2,,一般,,198,180,198,充電光束,覺醒力量,,,報恩,日光束,破壞光線,遷怒,電磁炮,,,,,
大舌舔,,一般,,161,181,242,意念頭錘,舌舔,,,地震,日光束,暗影球,泰山壓頂,破壞光線,,,,,
戰槌龍,,岩石,,295,109,219,意念頭錘,擊落,,,噴射火焰,岩崩,逆鱗,,,,,,,
圈圈熊,,一般,,236,144,207,暗影爪,金屬爪,雙倍奉還,,嬉鬧,破壞光線,近身戰,,,,,,,
泥偶巨人,,地面,幽靈,222,154,205,擲泥,驚嚇,,,大地之力,暗影拳,爆裂拳,,,,,,,
太古盔甲,,岩石,蟲,222,174,181,蟲之抵抗,連斬,,,十字毒刃,岩石爆擊,水之波動,,,,,,,
達摩狒狒,,火,,263,114,233,撞擊,火焰牙,燒盡,,岩崩,真氣彈,精神強念,過熱,,,,,,
達摩狒狒(伽勒爾),伽勒爾,冰,,263,114,233,冰凍牙,撞擊,,,冰凍拳,蠻力,過熱,雪崩,,,,,,
席多藍恩,,火,鋼,251,213,209,火焰旋渦,蟲咬,,,噴射火焰,大字爆炎,尖石攻擊,鐵頭,,,,,,
羅絲雷朵,,草,毒,243,185,155,毒擊,種子機關槍,飛葉快刀,,打草結,日光束,氣象球,污泥炸彈,飛葉風暴,魔法閃耀,,,,
袋獸,,一般,,181,165,233,擲泥,踢倒,,,劈瓦,咬碎,地震,報恩,增強拳,踩踏,逆鱗,遷怒,,
蚊香泳士,,水,格鬥,182,184,207,泡沫,泥巴射擊,碎岩,,冰凍拳,地獄翻滾,報恩,增強拳,水炮,爆裂拳,遷怒,,,
雷伊布,,電,,232,182,163,伏特替換,電擊,,,十萬伏特,打雷,放電,珍藏,電磁炮,,,,,
呆殼獸,,水,超能力,177,180,216,念力,水槍,,,冰凍光束,水之波動,精神強念,,,,,,,
呆呆王,,水,超能力,177,180,216,念力,水槍,,,大字爆炎,暴風雪,精神強念,,,,,,,
倫琴貓,,電,,232,156,190,大聲咆哮,覺醒力量,電光,,咬碎,瘋狂伏特,破壞光線,,,,,,,
代歐奇希斯(速度),速度,超能力,,230,218,137,充電光束,意念頭錘,,,十萬伏特,精神突進,高速星星,,,,,,,
叉字蝠,,毒,飛行,194,178,198,咬住,空氣斬,,,報恩,暗影球,污泥炸彈,空氣利刃,遷怒,,,,,
刺龍王,,水,龍,194,194,181,攀瀑,水槍,龍息,,暴風雪,水炮,章魚桶炮,逆鱗,,,,,,
快龍,,龍,飛行,263,198,209,鋼翼,龍尾,龍息,,報恩,暴風,流星群,破壞光線,逆鱗,遷怒,龍之波動,龍爪,,
化石翼龍,,岩石,飛行,221,159,190,咬住,落石,鋼翼,,原始之力,大地之力,岩崩,破壞光線,鐵頭,,,,,
水箭龜,,水,,171,207,188,咬住,水槍,,,冰凍光束,加農水炮,報恩,水炮,火箭頭錘,遷怒,,,,
土地雲(靈獸),靈獸,地面,飛行,289,179,205,泥巴射擊,神通力,,,地震,尖石攻擊,蠻力,重踏,,,,,,
胡地,,超能力,,271,167,146,念力,精神利刃,雙倍奉還,,報恩,暗影球,火焰拳,真氣彈,精神強念,遷怒,預知未來,魔法閃耀,,
齒輪怪,,鋼,,199,214,155,充電光束,電擊,,,加農光炮,破壞光線,鏡光射擊,電磁炮,,,,,,
雙倍多多冰,,冰,,218,174,174,冰息,驚嚇,,,信號光束,加農光炮,暴風雪,,,,,,,
毒刺水母,,水,毒,166,209,190,毒擊,溶解液,,,暴風雪,水炮,污泥波,酸液炸彈,,,,,,
肯泰羅,,一般,,198,183,181,意念頭錘,撞擊,,,地震,角撞,鐵頭,,,,,,,
大奶罐,,一般,,157,193,216,意念頭錘,撞擊,,,冰凍光束,十萬伏特,泰山壓頂,踩踏,陀螺球,,,,,
月亮伊布,,惡,,126,240,216,出奇一擊,大聲咆哮,,,惡之波動,欺詐,珍藏,精神強念,,,,,,
刺甲貝,,水,冰,186,256,137,冰息,冰礫,,,冰凍之風,報恩,暴風雪,極光束,水炮,遷怒,雪崩,,,
代歐奇希斯(防禦),防禦,超能力,,144,330,137,意念頭錘,雙倍奉還,,,十萬伏特,岩崩,精神突進,,,,,,,
蜥蜴王,,草,,223,169,172,種子機關槍,連斬,,,地震,燕返,瘋狂植物,葉刃,龍爪,,,,,
岩殿居蟹,,蟲,岩石,188,200,172,擊落,連斬,,,十字剪,岩崩,岩石爆擊,,,,,,,
大竺葵,,草,,168,202,190,藤鞭,飛葉快刀,,,地震,日光束,瘋狂植物,落英繽紛,,,,,,
蚊香蛙皇,,水,,174,179,207,泡沫,泥巴射擊,,,地震,報恩,暴風雪,水炮,衝浪,遷怒,,,,
尼多后,,毒,地面,180,173,207,咬住,毒擊,,,地震,大地之力,尖石攻擊,污泥波,,,,,,
火焰雞,,火,格鬥,240,141,190,火焰旋渦,雙倍奉還,,,勇鳥猛攻,尖石攻擊,火焰踢,爆炸烈焰,真氣彈,過熱,,,,
烈空坐,,龍,飛行,284,170,213,空氣斬,龍尾,,,原始之力,暴風,燕返,逆鱗,,,,,,
禿鷹娜,,惡,飛行,129,205,242,大聲咆哮,空氣斬,,,惡之波動,暗影球,欺詐,燕返,神鳥猛擊,,,,,
打擊鬼,,格鬥,,231,153,181,毒擊,踢倒,,,下盤踢,泰山壓頂,真氣彈,,,,,,,
胖嘟嘟,,水,幽靈,159,178,225,泡沫,禍不單行,,,冰凍光束,暗影球,泡沫光線,,,,,,,
三首惡龍,,惡,龍,256,188,211,咬住,龍息,,,加農光炮,惡之波動,龍之波動,,,,,,,
巨鉗蟹,,水,,240,181,146,泡沫,泥巴射擊,金屬爪,,十字剪,報恩,夾住,水之波動,蟹鉗錘,遷怒,,,,
暴飛龍,,龍,飛行,277,168,216,咬住,火焰牙,龍尾,,大字爆炎,水炮,流星群,逆鱗,,,,,,
高傲雉雞,,一般,飛行,226,146,190,空氣斬,鋼翼,,,熱風,破壞光線,神鳥猛擊,,,,,,,
龍王蠍,,毒,惡,180,202,172,冰凍牙,咬住,死纏爛打,毒針,咬碎,水流尾,污泥炸彈,致命針刺,,,,,,
皮可西,,妖精,,178,162,216,充電光束,意念頭錘,拍擊,撒嬌,彗星拳,月亮之力,精神強念,魔法閃耀,,,,,,
大宇怪,,超能力,,211,163,181,念力,驚嚇,,,岩崩,惡之波動,精神強念,,,,,,,
哥德小姐,,超能力,,176,205,172,念力,撒嬌,,,岩崩,精神強念,預知未來,,,,,,,
時拉比,,超能力,草,210,210,225,充電光束,念力,,,破壞光線,種子炸彈,精神強念,魔法閃耀,,,,,,
火神蛾,,蟲,火,264,189,198,火焰旋渦,蟲咬,,,日光束,暴風,蟲鳴,過熱,,,,,,
烈焰猴,,火,格鬥,222,151,183,火焰旋渦,碎岩,,,噴射火焰,報恩,日光束,爆炸烈焰,近身戰,遷怒,,,,
夢妖魔,,幽靈,,211,187,155,禍不單行,突襲,,,惡之波動,暗影球,魔法閃耀,,,,,,,
保母曼波,,水,,138,131,338,攀瀑,覺醒力量,,,暴風雪,水炮,精神強念,,,,,,,
噗噗豬,,超能力,,171,188,190,充電光束,神通力,,,暗影球,精神強念,鏡面反射,,,,,,,
霸王花,,草,毒,202,167,181,溶解液,飛葉快刀,,,報恩,日光束,月亮之力,污泥炸彈,落英繽紛,遷怒,,,,
謝米(天空),天空,草,飛行,261,166,225,意念頭錘,覺醒力量,,,打草結,日光束,能量球,,,,,,,
土地雲,,地面,飛行,261,182,205,泥巴射擊,落石,,,大地之力,岩崩,真氣彈,逆鱗,,,,,,
耿鬼,,幽靈,毒,261,149,155,暗影爪,禍不單行,突襲,舌舔,惡之波動,暗影拳,暗影球,污泥波,污泥炸彈,真氣彈,精神強念,,,
寶石海星,,水,超能力,210,184,155,撞擊,水槍,覺醒力量,電光一閃,冰凍光束,力量寶石,幻象光線,打雷,水炮,精神強念,,,,
暴鯉龍,,水,飛行,237,186,216,咬住,攀瀑,龍尾,龍息,咬碎,報恩,水炮,逆鱗,遷怒,龍之波動,龍卷風,,,
君主蛇,,草,,161,204,181,藤鞭,鐵尾,,,打草結,燕返,青草攪拌器,,,,,,,
泥巴魚,,地面,電,144,171,240,泥巴射擊,電擊,,,放電,泥巴炸彈,濁流,,,,,,,
泥巴魚(伽勒爾),伽勒爾,地面,鋼,144,171,240,泥巴射擊,金屬爪,,,加農光炮,地震,岩崩,濁流,,,,,,
搖籃百合,,岩石,草,152,194,200,死纏爛打,溶解液,,,尖石攻擊,打草結,重踏,,,,,,,
哥達鴨,,水,,191,162,190,念力,水槍,,,冰凍光束,十字劈,同步干擾,報恩,水炮,泡沫光線,精神強念,遷怒,,
火焰鳥,,火,飛行,251,181,207,火焰旋渦,翅膀攻擊,,,原始之力,報恩,大字爆炎,熱風,神鳥猛擊,過熱,遷怒,,,
急凍鳥,,冰,飛行,192,236,207,冰息,冰礫,,,冰凍之風,冰凍光束,原始之力,報恩,暴風,暴風雪,遷怒,,,
黑夜魔靈,,幽靈,,180,254,128,禍不單行,驚嚇,,,報恩,奇異之風,惡之波動,精神強念,遷怒,,,,,
路卡利歐,,格鬥,鋼,236,144,172,子彈拳,雙倍奉還,,,加農光炮,增強拳,暗影球,波導彈,近身戰,,,,,
黑魯加,,惡,火,224,144,181,大聲咆哮,火焰牙,,,咬碎,噴射火焰,報恩,大字爆炎,欺詐,遷怒,,,,
死神棺,,幽靈,,163,237,151,意念頭錘,驚嚇,,,惡之波動,暗影球,精神強念,,,,,,,
達摩狒狒(Galarian Zen),伽勒爾-達摩,冰,火,323,123,233,冰凍牙,撞擊,,,冰凍拳,蠻力,過熱,雪崩,,,,,,
樂天河童,,水,草,173,176,190,泡沫,飛葉快刀,,,冰凍光束,日光束,暴風雪,水炮,,,,,,
穿山王,,地面,,182,175,181,泥巴射擊,金屬爪,,,地震,報恩,岩石封鎖,遷怒,重踏,,,,,
布魯皇,,妖精,,212,131,207,咬住,大聲咆哮,撒嬌,,咬碎,嬉鬧,近身戰,,,,,,,
畢力吉翁,,草,格鬥,192,229,209,意念頭錘,電光一閃,,,尖石攻擊,葉刃,近身戰,,,,,,,
隨風球,,幽靈,飛行,180,102,312,禍不單行,驚嚇,,,冰凍之風,奇異之風,暗影球,,,,,,,
青銅鐘,,鋼,超能力,161,213,167,出奇一擊,念力,,,加農光炮,精神強念,精神衝擊,重磅衝撞,重踏,,,,,
美麗花,,草,,169,186,181,溶解液,種子機關槍,飛葉快刀,,報恩,落英繽紛,葉刃,遷怒,魔法閃耀,,,,,
爆音怪,,一般,,179,137,232,咬住,驚嚇,,,咬碎,大字爆炎,魅惑之聲,,,,,,,
九尾,,火,,169,190,177,出奇一擊,火焰旋渦,火花,,噴射火焰,報恩,大字爆炎,日光束,熱風,精神衝擊,過熱,遷怒,,
灰塵山,,毒,,181,164,190,死纏爛打,猛撞,,,垃圾射擊,泰山壓頂,種子炸彈,酸液炸彈,,,,,,
太陽岩,,岩石,超能力,178,153,207,念力,落石,,,岩崩,日光束,精神強念,,,,,,,
月石,,岩石,超能力,178,153,207,念力,落石,,,岩崩,月亮之力,精神強念,,,,,,,
烏鴉頭頭,,惡,飛行,243,103,225,啄,大聲咆哮,,,勇鳥猛攻,報恩,惡之波動,神鳥猛擊,精神強念,遷怒,,,,
雙彈瓦斯(Galarian),伽勒爾,毒,妖精,174,197,163,撞擊,,,,嬉鬧,污泥攻擊,破壞光線,過熱,,,,,,
雙彈瓦斯,,毒,,174,197,163,撞擊,死纏爛打,溶解液,,十萬伏特,報恩,惡之波動,暗影球,污泥炸彈,遷怒,,,,
坦克臭鼬,,毒,惡,184,132,230,咬住,毒擊,,,咬碎,噴射火焰,污泥炸彈,,,,,,,
飛腿郎,,格鬥,,224,181,137,碎岩,踢倒,,,下盤踢,劈瓦,報恩,尖石攻擊,踩踏,近身戰,遷怒,,,
鑽角犀獸,,地面,岩石,222,171,233,擊落,擲泥,,,地震,報恩,尖石攻擊,火箭頭錘,蠻力,衝浪,遷怒,,,
櫻花魚,,水,,211,179,146,念力,水槍,,,吸取之吻,水之波動,精神強念,,,,,,,
蜈蚣王,,蟲,毒,203,175,155,毒擊,蟲咬,,,十字剪,污泥炸彈,超級角擊,陀螺球,,,,,,
引夢貘人,,超能力,,144,193,198,念力,意念頭錘,,,冰凍拳,報恩,暗影球,火焰拳,真氣彈,精神強念,精神衝擊,遷怒,雷電拳,預知未來
迷唇姐,,冰,超能力,223,151,163,冰息,念力,拍擊,,冰凍拳,吸取之吻,真氣彈,精神衝擊,雪崩,,,,,
波士可多拉,,鋼,岩石,198,257,172,擊落,鐵尾,龍尾,,尖石攻擊,打雷,重磅衝撞,,,,,,,
烈焰馬,,火,,207,162,163,火焰旋渦,火花,燒盡,踢倒,大字爆炎,熱風,直衝鑽,,,,,,,
蓋諾賽克特,,蟲,鋼,252,199,174,連斬,金屬爪,,,十字剪,破壞光線,磁鐵炸彈,,,,,,,
盔甲鳥,,鋼,飛行,148,226,163,空氣斬,鋼翼,,,加農光炮,勇鳥猛攻,神鳥猛擊,,,,,,,
代歐奇希斯,,超能力,,345,115,137,充電光束,意念頭錘,,,十萬伏特,破壞光線,精神突進,,,,,,,
喵頭目,,鋼,,195,162,172,暗影爪,金屬爪,,,嬉鬧,欺詐,近身戰,鐵頭,,,,,,
風鈴鈴,,超能力,,175,170,181,意念頭錘,驚嚇,,,暗影球,精神衝擊,緊束,,,,,,,
敗露球菇,,草,毒,155,139,249,出奇一擊,驚嚇,,,打草結,欺詐,污泥炸彈,,,,,,,
電燈怪,,水,電,146,137,268,充電光束,水槍,,,十萬伏特,打雷,水炮,,,,,,,
大食花,,草,毒,207,135,190,溶解液,飛葉快刀,,,報恩,日光束,污泥炸彈,葉刃,遷怒,酸液炸彈,青草攪拌器,,,
雙尾怪手,,一般,,205,143,181,抓,驚嚇,,,下盤踢,燕返,破壞光線,,,,,,,
媒炭龜,,火,,151,203,172,火焰旋渦,火花,,,地震,日光束,過熱,,,,,,,
自爆磁怪,,電,鋼,238,205,172,充電光束,電光,,,加農光炮,報恩,瘋狂伏特,遷怒,鏡光射擊,電磁炮,,,,
熔蟻獸,,火,,204,129,198,火焰旋渦,舌舔,,,噴射火焰,增強拳,雷電拳,,,,,,,
快拳郎,,格鬥,,193,197,137,子彈拳,碎岩,雙倍奉還,,冰凍拳,劈瓦,報恩,增強拳,火焰拳,近身戰,遷怒,雷電拳,,
雷電斑馬,,電,,211,136,181,踢倒,電光,,,放電,瘋狂伏特,蓄能焰襲,,,,,,,
鴨嘴火獸,,火,,206,154,163,火花,空手劈,,,噴射火焰,報恩,大字爆炎,火焰拳,遷怒,,,,,
獵斑魚,,水,,197,179,146,咬住,水槍,,,冰凍光束,咬碎,水流尾,,,,,,,
土台龜,,草,地面,202,188,216,咬住,飛葉快刀,,,地震,報恩,尖石攻擊,日光束,流沙地獄,瘋狂植物,遷怒,,,
巨沼怪,,水,地面,208,175,225,水槍,泥巴射擊,,,加農水炮,地震,報恩,污泥波,濁流,衝浪,遷怒,,,
電擊獸,,電,,198,158,163,踢倒,電擊,,,十萬伏特,報恩,打雷,遷怒,雷電拳,,,,,
白海獅,,水,冰,139,177,207,冰息,冰礫,鐵尾,,冰凍之風,暴風雪,極光束,水之波動,水流噴射,,,,,
貓頭夜鷹,,一般,飛行,145,156,225,神通力,翅膀攻擊,,,神鳥猛擊,精神強念,黑夜魔影,,,,,,,
樹才怪,,岩石,,167,176,172,落石,雙倍奉還,,,地震,尖石攻擊,岩崩,,,,,,,
蔓藤怪,,草,,183,169,163,死纏爛打,藤鞭,,,強力鞭打,打草結,日光束,污泥炸彈,,,,,,
敏捷蟲,,蟲,,220,120,190,死纏爛打,溶解液,,,信號光束,真氣彈,蟲鳴,酸液炸彈,,,,,,
浮潛鼬,,水,,221,114,198,攀瀑,水槍,,,水流噴射,水炮,高速星星,,,,,,,
冰鬼護,,冰,,162,162,190,冰息,冰礫,,,暗影球,陀螺球,雪崩,,,,,,,
赫拉克羅斯,,蟲,格鬥,234,179,190,蟲之抵抗,雙倍奉還,,,地震,超級角擊,近身戰,,,,,,,
念力土偶,,地面,超能力,140,229,155,念力,擲泥,神通力,,地震,大地之力,精神強念,陀螺球,,,,,,
隆隆岩,,岩石,地面,211,198,190,擲泥,泥巴射擊,落石,,原始之力,地震,報恩,尖石攻擊,岩石爆擊,遷怒,,,,
隆隆岩(Alola),Alola,岩石,電,211,198,190,伏特替換,落石,,,尖石攻擊,岩石爆擊,瘋狂伏特,,,,,,,
冷水猿,,水,,206,133,181,咬住,水槍,,,咬碎,水炮,衝浪,,,,,,,
爆香猿,,火,,206,133,181,咬住,火焰旋渦,,,咬碎,噴射火焰,大字爆炎,,,,,,,
花椰猿,,草,,206,133,181,咬住,藤鞭,,,咬碎,打草結,日光束,,,,,,,
長耳兔,,一般,,156,194,163,拍擊,踢倒,,,火焰拳,真氣彈,破壞光線,,,,,,,
戰舞郎,,格鬥,,173,207,137,碎岩,雙倍奉還,,,尖石攻擊,近身戰,陀螺球,,,,,,,
金魚王,,水,,175,147,190,啄,攀瀑,毒擊,,冰凍之風,冰凍光束,水之波動,直衝鑽,超級角擊,,,,,
貓鼬斬,,一般,,222,124,177,暗影爪,連斬,,,挖洞,暗襲要害,近身戰,,,,,,,
阿勃梭魯,,惡,,246,120,163,大聲咆哮,精神利刃,,,惡之波動,打雷,超級角擊,,,,,,,
雷丘(Alola),Alola,電,超能力,201,154,155,伏特替換,電光,電擊,,打草結,瘋狂伏特,精神強念,雷電拳,,,,,,
鐵骨土人,,格鬥,,180,134,198,毒擊,踢倒,,,下盤踢,劈瓦,尖石攻擊,,,,,,,
椰蛋樹(Alola),Alola,草,龍,230,153,216,種子機關槍,龍尾,,,日光束,種子炸彈,龍之波動,,,,,,,
魔牆人偶,,超能力,妖精,192,205,120,念力,意念頭錘,,,幻象光線,暗影球,精神強念,,,,,,,
變隱龍,,一般,,161,189,155,突襲,舌舔,,,冰凍光束,噴射火焰,影子偷襲,打雷,欺詐,燕返,,,,
椰蛋樹,,草,超能力,233,149,216,念力,意念頭錘,神通力,種子機關槍,日光束,種子炸彈,精神強念,,,,,,,
奇諾栗鼠,,一般,,198,130,181,拍擊,撒嬌,,,十萬伏特,水流尾,破壞光線,,,,,,,
火爆猴,,格鬥,,207,138,163,空手劈,踢倒,雙倍奉還,,下盤踢,十字劈,暗襲要害,近身戰,,,,,,
天蠍王,,地面,飛行,185,222,181,翅膀攻擊,連斬,,,地震,暗襲要害,流沙地獄,燕返,,,,,,
堵攔熊,,惡,一般,180,194,212,舌舔,雙倍奉還,,,十字劈,垃圾射擊,暗襲要害,破壞光線,,,,,,
古空棘魚,,水,岩石,162,203,225,意念頭錘,水槍,,,原始之力,水流尾,水炮,,,,,,,
花岩怪,,幽靈,惡,169,199,137,出奇一擊,突襲,,,奇異之風,影子偷襲,暗影球,,,,,,,
巨鉗螳螂,,蟲,鋼,236,181,172,子彈拳,連斬,,,十字剪,報恩,暗襲要害,遷怒,鐵頭,,,,,
小卡比獸,,一般,,137,117,286,撞擊,舌舔,,,垃圾射擊,泰山壓頂,重踏,,,,,,,
尖牙籠,,草,,187,136,179,咬住,藤鞭,,,咬碎,強力鞭打,能量球,,,,,,,
雷丘,,電,,193,151,155,伏特替換,撒嬌,電光,電擊,劈瓦,打雷,火箭頭錘,瘋狂伏特,雷電拳,,,,,
遠古巨蜓,,蟲,飛行,231,156,200,翅膀攻擊,蟲咬,,,原始之力,燕返,蟲鳴,,,,,,,
噴火龍,,火,飛行,223,173,186,火焰旋渦,火花,空氣斬,翅膀攻擊,噴射火焰,報恩,大字爆炎,爆炸烈焰,過熱,遷怒,龍爪,,,
騎士蝸牛,,蟲,鋼,223,187,172,蟲咬,雙倍奉還,,,燕返,直衝鑽,超級角擊,酸液炸彈,,,,,,
櫻花兒,,草,,170,153,172,種子機關槍,飛葉快刀,,,日光束,氣象球(火),破壞光線,魔法閃耀,,,,,,
多刺菊石獸,,岩石,水,207,201,172,水槍,泥巴射擊,落石,,原始之力,岩崩,岩石爆擊,水炮,,,,,,
瑪狃拉,,惡,冰,243,171,172,冰礫,出奇一擊,大聲咆哮,,報恩,欺詐,真氣彈,遷怒,雪崩,,,,,
驚角鹿,,一般,,192,131,177,意念頭錘,撞擊,,,報恩,瘋狂伏特,超級角擊,踩踏,遷怒,,,,,
詛咒娃娃,,幽靈,,218,126,162,暗影爪,禍不單行,,,報恩,打雷,暗影球,遷怒,魔法閃耀,,,,,
電蜘蛛,,蟲,電,201,128,172,伏特替換,連斬,,,十字毒刃,放電,能量球,蟲鳴,,,,,,
雪妖女,,冰,幽靈,171,150,172,禍不單行,細雪,,,咬碎,暗影球,雪崩,,,,,,,
摩魯蛾,,蟲,毒,179,143,172,念力,死纏爛打,蟲咬,,劇毒牙,報恩,精神強念,蟲鳴,遷怒,銀色旋風,,,,
過動猿,,一般,,159,145,190,抓,雙倍奉還,,,劈瓦,泰山壓頂,重踏,,,,,,,
大嘴蝠,,毒,飛行,161,150,181,咬住,翅膀攻擊,,,劇毒牙,報恩,奇異之風,暗影球,空氣利刃,遷怒,,,,
地幔岩,,岩石,,174,143,172,擊落,擲泥,,,尖石攻擊,岩崩,重踏,,,,,,,
差不多娃娃,,一般,,114,163,230,意念頭錘,拍擊,,,破壞光線,魅惑之聲,魔法閃耀,,,,,,,
海刺龍,,水,,187,156,146,水槍,龍息,,,暴風雪,極光束,水炮,龍之波動,,,,,,
肋骨海龜,,水,岩石,192,197,179,水槍,落石,,,原始之力,泰山壓頂,衝浪,,,,,,,
野蠻鱸魚,,水,,189,129,172,撞擊,水槍,,,水流噴射,水流尾,濁流,,,,,,,
麒麟奇,,一般,超能力,182,133,172,念力,撞擊,,,十萬伏特,精神強念,鏡面反射,,,,,,,
嘎啦嘎啦,,地面,,144,186,155,擲泥,碎岩,,,地震,報恩,挖洞,遷怒,骨棒,,,,,
嘎啦嘎啦(Alola),Alola,幽靈,火,144,186,155,火焰旋渦,碎岩,禍不單行,,大字爆炎,暗影球,火焰輪,骨棒,,,,,,
胖可丁,,一般,妖精,156,90,295,出奇一擊,拍擊,撒嬌,,冰凍光束,嬉鬧,破壞光線,魔法閃耀,,,,,,
蟾蜍王,,水,地面,188,150,233,泡沫,泥巴射擊,,,大地之力,污泥炸彈,濁流,,,,,,,
霓虹魚,,水,,142,170,170,攀瀑,水槍,,,暴風雪,水之波動,銀色旋風,,,,,,,
沙漠蜻蜓,,地面,龍,205,168,190,泥巴射擊,龍尾,,,地震,報恩,大地之力,尖石攻擊,遷怒,龍爪,,,,
齒輪組,,鋼,,150,174,155,充電光束,電擊,,,加農光炮,破壞光線,鏡光射擊,電磁炮,,,,,,
夢妖,,幽靈,,167,154,155,禍不單行,驚嚇,,,報恩,奇異之風,影子偷襲,惡之波動,遷怒,,,,,
飛天螳螂,,蟲,飛行,218,170,172,空氣斬,連斬,鋼翼,,十字剪,報恩,暗襲要害,燕返,蟲鳴,遷怒,,,,
東施喵,,一般,,172,133,174,抓,暗影爪,,,嬉鬧,打雷,燕返,,,,,,,
鐮刀盔,,岩石,水,220,186,155,攀瀑,泥巴射擊,碎岩,連斬,原始之力,尖石攻擊,水之波動,,,,,,,
堅果啞鈴,,草,鋼,158,223,179,種子機關槍,金屬爪,,,加農光炮,強力鞭打,打雷,酸液炸彈,鏡光射擊,,,,,
結草貴婦(沙土),沙土,蟲,地面,141,180,155,念力,蟲咬,,,幻象光線,蟲鳴,重踏,,,,,,,
穿山王(Alola),Alola,冰,鋼,177,195,181,細雪,金屬爪,,,冰凍拳,暴風雪,重踏,陀螺球,,,,,,
大狼犬,,惡,,171,132,172,冰凍牙,咬住,火焰牙,雷電牙,劇毒牙,咬碎,嬉鬧,,,,,,,
甜甜螢,,蟲,,143,166,163,撞擊,蟲之抵抗,,,蟲鳴,銀色旋風,魔法閃耀,,,,,,,
電螢蟲,,蟲,,143,166,163,撞擊,蟲之抵抗,,,信號光束,十萬伏特,蟲鳴,,,,,,,
鐵蟻,,蟲,鋼,217,188,151,蟲咬,金屬爪,,,十字剪,尖石攻擊,鐵頭,,,,,,,
瑪力露麗,,水,妖精,112,152,225,泡沫,碎岩,,,冰凍光束,嬉鬧,水炮,,,,,,,
保母蟲,,蟲,草,205,165,181,蟲咬,飛葉快刀,,,十字剪,葉刃,銀色旋風,,,,,,,
炒炒豬,,火,格鬥,173,106,207,撞擊,火花,,,噴射火焰,岩石封鎖,蓄能焰襲,,,,,,,
土龍弟弟,,一般,,131,128,225,咬住,驚嚇,,,岩崩,挖洞,直衝鑽,,,,,,,
海魔獅,,冰,水,137,132,207,水槍,細雪,,,極光束,水之波動,泰山壓頂,,,,,,,
吉利蛋,,一般,,60,128,487,意念頭錘,拍擊,,,破壞光線,精神強念,魔法閃耀,,,,,,,
佛烈托斯,,蟲,鋼,161,205,181,蟲之抵抗,蟲咬,,,地震,岩石封鎖,流沙地獄,重磅衝撞,鏡光射擊,,,,,
頭巾混混,,惡,格鬥,163,222,163,大聲咆哮,雙倍奉還,,,增強拳,欺詐,酸液炸彈,,,,,,,
海兔獸,,水,地面,169,143,244,擲泥,覺醒力量,,,大地之力,水之波動,泰山壓頂,,,,,,,
九尾(Alola),Alola,冰,妖精,170,193,177,出奇一擊,撒嬌,細雪,,冰凍光束,暴風雪,精神衝擊,魔法閃耀,,,,,,
大尾狸,,一般,水,162,119,188,水槍,猛撞,,,必殺門牙,破壞光線,衝浪,,,,,,,
大朝北鼻,,岩石,鋼,135,275,155,落石,電光,,,十萬伏特,岩崩,磁鐵炸彈,,,,,,,
大針蜂,,蟲,毒,169,130,163,死纏爛打,毒擊,蟲咬,,十字剪,報恩,污泥炸彈,燕返,致命針刺,遷怒,,,,
暴雪王,,草,冰,175,158,207,細雪,飛葉快刀,,,暴風雪,能量球,逆鱗,,,,,,,
步哨鼠,,一般,,165,139,155,咬住,踢倒,,,咬碎,必殺門牙,打草結,,,,,,,
貓老大(Alola),Alola,惡,,158,136,163,出奇一擊,抓,,,嬉鬧,惡之波動,欺詐,,,,,,,
雙卵細胞球,,超能力,,208,103,163,意念頭錘,覺醒力量,,,打雷,精神衝擊,黑夜魔影,,,,,,,
彷徨夜靈,,幽靈,,124,234,120,出奇一擊,禍不單行,,,冰凍拳,報恩,暗影拳,火焰拳,遷怒,,,,,
藍鱷,,水,,150,142,163,抓,水槍,,,冰凍拳,咬碎,水之波動,,,,,,,
巨牙鯊,,水,惡,243,83,172,咬住,攀瀑,,,劇毒牙,咬碎,報恩,水炮,遷怒,,,,,
毒骷蛙,,毒,格鬥,211,133,195,毒擊,雙倍奉還,,,污泥炸彈,爆裂拳,,,,,,,,
巨翅飛魚,,水,飛行,148,226,163,泡沫,種子機關槍,翅膀攻擊,,冰凍光束,水之波動,泡沫光線,燕返,,,,,,
多邊獸,,一般,,153,136,163,充電光束,意念頭錘,撞擊,覺醒力量,信號光束,報恩,幻象光線,放電,日光束,破壞光線,遷怒,電磁炮,,
直衝熊,,一般,,142,128,186,撞擊,暗影爪,,,報恩,打草結,打雷,挖洞,遷怒,,,,,
斗笠菇,,草,格鬥,241,144,155,種子機關槍,雙倍奉還,,,打草結,污泥炸彈,爆裂拳,種子炸彈,,,,,,
雙刃丸,,水,,159,116,181,水槍,連斬,,,十字剪,水之波動,水流尾,,,,,,,
貓老大,,一般,,150,136,163,出奇一擊,抓,,,力量寶石,報恩,嬉鬧,暗襲要害,欺詐,遷怒,,,,
勇基拉,,超能力,,232,117,120,念力,精神利刃,,,報恩,幻象光線,暗影球,遷怒,魔法閃耀,,,,,
哥德小童,,超能力,,137,153,155,念力,拍擊,,,幻象光線,精神強念,預知未來,,,,,,,
三合一磁怪,,電,鋼,223,169,137,充電光束,電光,電擊,,加農光炮,報恩,放電,磁鐵炸彈,遷怒,電磁炮,,,,
臭臭花,,草,毒,153,136,155,溶解液,飛葉快刀,,,報恩,月亮之力,污泥炸彈,落英繽紛,遷怒,,,,,
鯰魚王,,水,地面,151,141,242,水槍,泥巴射擊,,,暴風雪,水之波動,泥巴炸彈,,,,,,,
酷豹,,惡,,187,106,162,大聲咆哮,撒嬌,,,垃圾射擊,嬉鬧,惡之波動,,,,,,,
七夕青鳥,,龍,飛行,141,201,181,啄,龍息,,,神鳥猛擊,魔法閃耀,龍之波動,,,,,,,
三地鼠(Alola),Alola,地面,鋼,201,142,111,擲泥,金屬爪,,,地震,泥巴炸彈,鐵頭,,,,,,,
狡猾天狗,,草,惡,200,121,207,出奇一擊,大聲咆哮,種子機關槍,飛葉快刀,報恩,暴風,欺詐,葉刃,遷怒,青草攪拌器,,,,
熱帶龍,,草,飛行,136,163,223,空氣斬,飛葉快刀,,,燕返,葉刃,踩踏,,,,,,,
大舌頭,,一般,,108,137,207,意念頭錘,舌舔,,,強力鞭打,破壞光線,踩踏,,,,,,,
聒噪鳥,,一般,飛行,183,91,183,啄,鋼翼,,,熱風,神鳥猛擊,黑夜魔影,,,,,,,
蜂女王,,蟲,飛行,149,190,172,毒針,蟲咬,,,力量寶石,十字剪,致命針刺,蟲鳴,,,,,,
可多拉,,鋼,岩石,158,198,155,金屬爪,鐵尾,,,岩崩,泰山壓頂,重磅衝撞,,,,,,,
燈火幽靈,,幽靈,火,169,115,155,火花,驚嚇,,,烈焰濺射,熱風,能量球,,,,,,,
火恐龍,,火,,158,126,151,抓,火焰牙,火花,,噴射火焰,報恩,火焰拳,烈焰濺射,遷怒,,,,,
大嘴娃,,鋼,妖精,155,141,137,冰凍牙,咬住,火焰牙,驚嚇,報恩,增強拳,夾住,嬉鬧,遷怒,鐵頭,,,,
哈約克,,一般,,145,126,163,猛撞,舌舔,,,十萬伏特,嬉鬧,挖洞,,,,,,,
大嘴鷗,,水,飛行,175,174,155,水槍,翅膀攻擊,,,暴風,暴風雪,水炮,,,,,,,
音箱蟀,,蟲,,160,100,184,蟲之抵抗,連斬,,,十字剪,燕返,蟲鳴,,,,,,,
月桂葉,,草,,122,155,155,撞擊,飛葉快刀,,,原始之力,打草結,能量球,,,,,,,
電飛鼠,,電,飛行,158,127,146,電光一閃,電擊,,,十萬伏特,放電,燕返,,,,,,,
多多冰,,冰,,151,138,139,冰息,驚嚇,,,信號光束,冰凍之風,冰凍光束,,,,,,,
青藤蛇,,草,,122,152,155,藤鞭,鐵尾,,,打草結,緊束,青草攪拌器,,,,,,,
恰雷姆,,格鬥,超能力,121,152,155,念力,碎岩,,,下盤踢,冰凍拳,精神衝擊,,,,,,,
風妖精,,草,妖精,164,176,155,撒嬌,飛葉快刀,,,打草結,暴風,月亮之力,,,,,,,
始祖小鳥,,岩石,飛行,213,89,146,翅膀攻擊,電光一閃,,,原始之力,咬碎,龍爪,,,,,,,
舞天鵝,,水,飛行,183,132,181,水槍,空氣斬,,,冰凍光束,暴風,泡沫光線,,,,,,,
夢歌仙人掌,,草,惡,221,115,172,毒擊,突襲,,,報恩,惡之波動,打草結,爆裂拳,遷怒,,,,,
勾魂眼,,惡,幽靈,141,136,137,出奇一擊,暗影爪,,,力量寶石,報恩,影子偷襲,欺詐,遷怒,,,,,
代歐奇希斯(攻擊),攻擊,超能力,,414,46,137,意念頭錘,毒擊,,,惡之波動,精神突進,電磁炮,,,,,,,
護城龍,,岩石,鋼,94,286,155,擊落,鐵尾,,,加農光炮,噴射火焰,尖石攻擊,,,,,,,
觸手百合,,岩石,草,105,150,165,死纏爛打,溶解液,,,原始之力,打草結,鏡面反射,,,,,,,
頭蓋龍,,岩石,,218,71,167,意念頭錘,猛撞,,,原始之力,岩石封鎖,重踏,,,,,,,
口呆花,,草,毒,172,92,163,溶解液,種子機關槍,飛葉快刀,,報恩,污泥炸彈,種子炸彈,遷怒,,,,,,
吼吼鯨,,水,,136,68,277,水槍,躍起,,,水之波動,泰山壓頂,重磅衝撞,,,,,,,
三地鼠,,地面,,167,136,111,擲泥,泥巴射擊,突襲,金屬爪,地震,報恩,尖石攻擊,泥巴炸彈,遷怒,鐵頭,,,,
狃拉,,惡,冰,189,146,146,冰礫,出奇一擊,,,冰凍拳,報恩,欺詐,遷怒,雪崩,,,,,
帕奇利茲,,電,,94,172,155,伏特替換,電光,,,十萬伏特,打雷,雷電拳,,,,,,,
沙河馬,,地面,,124,118,169,咬住,撞擊,,,報恩,岩石封鎖,挖洞,泰山壓頂,遷怒,,,,,
結草貴婦(草木),草木,蟲,草,141,180,155,念力,蟲咬,,,幻象光線,能量球,蟲鳴,,,,,,,
毽子棉,,草,飛行,118,183,181,死纏爛打,種子機關槍,,,日光束,燕返,能量球,魔法閃耀,,,,,,
咕咕鴿,,一般,飛行,144,107,158,空氣斬,鋼翼,,,熱風,燕返,神鳥猛擊,,,,,,,
果然翁,,超能力,,60,106,382,撒嬌,躍起,雙倍奉還,,報恩,遷怒,鏡面反射,,,,,,,
尼多娜,,毒,,117,120,172,咬住,毒針,,,劇毒牙,挖洞,污泥炸彈,,,,,,,
雙首暴龍,,惡,龍,159,135,176,咬住,龍息,,,惡之波動,泰山壓頂,龍之波動,,,,,,,
勒克貓,,電,,159,95,155,咬住,電光,,,十萬伏特,咬碎,瘋狂伏特,,,,,,,
臭泥,,毒,,135,90,190,擲泥,毒擊,溶解液,,報恩,污泥攻擊,污泥炸彈,泥巴炸彈,遷怒,,,,,
熔岩蝸牛,,火,岩石,139,191,137,火花,落石,,,尖石攻擊,熱風,過熱,,,,,,,
尖牙陸鯊,,龍,地面,172,125,169,泥巴射擊,猛撞,,,噴射火焰,報恩,挖洞,遷怒,龍卷風,,,,,
盆才怪,,岩石,,124,133,137,落石,雙倍奉還,,,地震,岩崩,岩石封鎖,重踏,,,,,,
輕飄飄,,水,幽靈,115,134,146,泡沫,禍不單行,,,冰凍光束,奇異之風,黑夜魔影,,,,,,,
沙基拉斯,,岩石,地面,155,133,172,咬住,碎岩,,,原始之力,咬碎,報恩,挖洞,遷怒,,,,,
呆呆獸,,水,超能力,109,98,207,念力,水槍,,,水之波動,精神強念,精神衝擊,,,,,,,
小灰怪,,超能力,,148,100,146,念力,驚嚇,,,幻象光線,惡之波動,精神強念,,,,,,,
結草貴婦(垃圾),垃圾,蟲,鋼,127,175,155,念力,蟲咬,,,幻象光線,蟲鳴,鐵頭,,,,,,,
直衝熊(伽勒爾),伽勒爾,惡,一般,142,128,186,大聲咆哮,撞擊,暗影爪,舌舔,垃圾射擊,打草結,打雷,挖洞,泰山壓頂,,,,,
獨角犀牛,,地面,岩石,140,127,190,擲泥,碎岩,,,報恩,角撞,踩踏,遷怒,重踏,,,,,
搬運小匠,,格鬥,,134,87,181,拍擊,踢倒,,,下盤踢,劈瓦,岩石封鎖,,,,,,,
車輪毬,,蟲,毒,100,173,120,毒針,蟲咬,,,信號光束,污泥炸彈,陀螺球,,,,,,,
穿山鼠,,地面,,126,120,137,抓,泥巴射擊,,,報恩,岩崩,岩石封鎖,挖洞,流沙地獄,遷怒,,,,
石居蟹,,蟲,岩石,118,128,137,居合斬,擊落,,,十字剪,岩石封鎖,岩石爆擊,,,,,,,
蓮帽小童,,水,草,112,119,155,泡沫,飛葉快刀,,,冰凍光束,打草結,泡沫光線,,,,,,,
珍珠貝,,水,,133,135,111,水槍,,,,冰凍光束,水之波動,泰山壓頂,,,,,,,
捲捲耳,,一般,,130,105,146,拍擊,電光一閃,,,火焰拳,高速星星,,,,,,,,
皮皮,,妖精,,107,108,172,意念頭錘,拍擊,,,月亮之力,泰山壓頂,魅惑之聲,,,,,,,
無殼海兔,,水,,103,105,183,擲泥,覺醒力量,,,水之波動,泥巴炸彈,泰山壓頂,,,,,,,
紳士蛾,,蟲,飛行,185,98,172,空氣斬,蟲咬,,,幻象光線,燕返,蟲鳴,,,,,,,
石丸子,,岩石,,121,110,146,撞擊,擊落,,,尖石攻擊,岩石爆擊,重踏,,,,,,,
飄飄球,,幽靈,,117,80,207,禍不單行,驚嚇,,,冰凍之風,奇異之風,暗影球,,,,,,,
鴨嘴寶寶,,火,,151,99,128,火花,空手劈,,,劈瓦,噴射火焰,火焰拳,烈焰濺射,,,,,,
草苗龜,,草,,119,110,146,撞擊,飛葉快刀,,,報恩,泰山壓頂,種子炸彈,能量球,遷怒,,,,,
走路草,,草,毒,131,112,128,溶解液,飛葉快刀,,,報恩,月亮之力,污泥炸彈,種子炸彈,遷怒,,,,,
催眠貘,,超能力,,89,136,155,念力,拍擊,,,報恩,幻象光線,精神強念,精神衝擊,遷怒,,,,,
卡蒂狗,,火,,136,93,146,咬住,火花,,,噴射火焰,報恩,泰山壓頂,火焰輪,遷怒,,,,,
單卵細胞球,,超能力,,170,83,128,意念頭錘,覺醒力量,,,打雷,精神衝擊,黑夜魔影,,,,,,,
榛果球,,蟲,,108,122,137,撞擊,蟲咬,,,報恩,岩石封鎖,流沙地獄,遷怒,陀螺球,,,,,
朝北鼻,,岩石,,82,215,102,落石,電光,,,十萬伏特,岩崩,岩石爆擊,,,,,,,
狩獵鳳蝶,,蟲,飛行,189,98,155,死纏爛打,蟲之抵抗,,,空氣利刃,蟲鳴,銀色旋風,,,,,,,
泥偶小人,,地面,幽靈,127,92,153,擲泥,驚嚇,,,劈瓦,暗影拳,黑夜魔影,,,,,,,
迷唇娃,,冰,超能力,153,91,128,冰息,拍擊,細雪,,冰凍光束,冰凍拳,精神衝擊,,,,,,,
原蓋海龜,,水,岩石,134,146,144,咬住,水槍,,,原始之力,泰山壓頂,衝浪,,,,,,,
安飄蟲,,蟲,飛行,107,179,146,蟲之抵抗,蟲咬,,,燕返,蟲鳴,銀色旋風,,,,,,,
小鋸鱷,,水,,117,109,137,抓,水槍,,,咬碎,水之波動,水流噴射,,,,,,,
電擊怪,,電,,135,101,128,踢倒,電擊,,,劈瓦,十萬伏特,放電,雷電拳,,,,,,
臭鼬噗,,毒,惡,121,90,160,咬住,抓,,,咬碎,噴射火焰,污泥炸彈,,,,,,,
布魯,,妖精,,137,82,155,咬住,撞擊,,,劈瓦,咬碎,魔法閃耀,,,,,,,
伊布,,一般,,104,114,146,撞擊,電光一閃,,,挖洞,泰山壓頂,珍藏,高速星星,,,,,,
寶蟲繭,,蟲,草,115,162,146,蟲之抵抗,蟲咬,,,能量球,蟲鳴,銀色旋風,,,,,,,
鉗尾蠍,,毒,蟲,93,151,120,死纏爛打,毒針,,,十字毒刃,水流尾,污泥炸彈,,,,,,,
小海獅,,水,,85,121,163,冰礫,水槍,舌舔,,冰凍之風,極光束,水流噴射,水流尾,,,,,,
未知圖騰,,超能力,,136,91,134,覺醒力量,,,,掙扎,,,,,,,,,
菊石獸,,岩石,水,155,153,111,水槍,泥巴射擊,,,原始之力,報恩,岩石封鎖,岩石爆擊,泡沫光線,遷怒,,,,
蓋蓋蟲,,蟲,,137,87,137,啄,連斬,,,信號光束,十字剪,燕返,直衝鑽,,,,,,
大顎蟻,,地面,,162,78,128,泥巴射擊,蟲之抵抗,,,咬碎,報恩,挖洞,流沙地獄,遷怒,,,,,
戴魯比,,惡,,152,83,128,出奇一擊,火花,,,咬碎,噴射火焰,報恩,惡之波動,遷怒,,,,,
寶貝龍,,龍,,134,93,128,咬住,火花,,,咬碎,噴射火焰,報恩,遷怒,龍卷風,,,,,
暖暖豬,,火,,115,85,163,撞擊,火花,,,噴射火焰,泰山壓頂,蓄能焰襲,,,,,,,
藍蟾蜍,,水,地面,128,109,181,泡沫,泥巴射擊,,,大地之力,水之波動,污泥波,,,,,,,
哭哭面具,,幽靈,,95,141,116,意念頭錘,驚嚇,,,奇異之風,惡之波動,暗影球,,,,,,,
毛球,,蟲,毒,100,100,155,念力,蟲咬,,,信號光束,劇毒牙,報恩,幻象光線,遷怒,,,,,
燃燒蟲,,蟲,火,156,107,146,火花,蟲咬,,,火焰輪,蓄能焰襲,蟲鳴,,,,,,,
鐵啞鈴,,鋼,超能力,96,132,120,猛撞,,,,報恩,掙扎,遷怒,,,,,,,
美錄坦,,鋼,,118,99,130,電擊,,,,加農光炮,十萬伏特,,,,,,,,
魔尼尼,,超能力,妖精,125,142,85,念力,拍擊,,,幻象光線,精神強念,精神衝擊,,,,,,,
小球飛魚,,水,飛行,105,179,128,撞擊,泡沫,,,冰凍光束,水之波動,燕返,,,,,,,
螢光魚,,水,,96,116,135,拍擊,水槍,,,冰凍光束,水之波動,銀色旋風,,,,,,,
滑滑小子,,惡,格鬥,132,132,137,出奇一擊,碎岩,,,劈瓦,欺詐,酸液炸彈,,,,,,,
電電蟲,,蟲,電,110,98,137,充電光束,突襲,,,十字毒刃,放電,蟲鳴,,,,,,,
蜻蜻蜓,,蟲,飛行,154,94,163,翅膀攻擊,電光一閃,,,原始之力,燕返,銀色旋風,,,,,,,
海豹球,,冰,水,95,90,172,水槍,碎岩,,,極光束,水之波動,泰山壓頂,,,,,,,
水水獺,,水,,117,85,146,撞擊,水槍,,,暗襲要害,水之波動,水流尾,,,,,,,
燭光靈,,幽靈,火,108,98,137,火花,驚嚇,,,烈焰濺射,熱風,蓄能焰襲,,,,,,,
菊草葉,,草,,92,122,128,撞擊,藤鞭,,,打草結,泰山壓頂,能量球,,,,,,,
齒輪兒,,鋼,,98,121,120,伏特替換,充電光束,,,夾住,放電,電磁炮,,,,,,,
迷你冰,,冰,,118,106,113,細雪,驚嚇,,,信號光束,冰凍之風,冰凍光束,,,,,,,
哥德寶寶,,超能力,,98,112,128,念力,拍擊,,,幻象光線,精神強念,精神衝擊,,,,,,,
小嘴蝸,,蟲,,72,140,137,死纏爛打,溶解液,,,信號光束,泰山壓頂,蟲鳴,,,,,,,
穿山鼠(Alola),Alola,冰,鋼,125,129,137,細雪,金屬爪,,,暗襲要害,暴風雪,陀螺球,,,,,,,
鈴鐺響,,超能力,,114,94,128,意念頭錘,驚嚇,,,暗影球,精神衝擊,緊束,,,,,,,
大岩蛇,,岩石,地面,85,232,111,撞擊,落石,,,報恩,尖石攻擊,岩崩,流沙地獄,遷怒,重磅衝撞,鐵頭,,,
墨海馬,,水,,129,103,102,水槍,泡沫,,,加農光炮,泡沫光線,龍之波動,,,,,,,
花椰猴,,草,,104,94,137,抓,藤鞭,,,咬碎,種子炸彈,能量球,,,,,,,
化石盔,,岩石,水,148,140,102,抓,泥巴射擊,,,原始之力,岩石封鎖,水流噴射,,,,,,,
蛋蛋,,草,超能力,107,125,155,念力,種子機關槍,,,原始之力,報恩,種子炸彈,精神強念,遷怒,,,,,
泳圈鼬,,水,,132,67,146,水槍,電光一閃,,,水之波動,水流噴射,高速星星,,,,,,,
青綿鳥,,一般,飛行,76,132,128,啄,驚嚇,,,冰凍光束,燕返,魅惑之聲,,,,,,,
櫻花寶,,草,,108,92,128,撞擊,種子機關槍,,,種子炸彈,落英繽紛,魔法閃耀,,,,,,,
雪童子,,冰,,95,95,137,禍不單行,細雪,,,冰凍之風,暗影球,雪崩,,,,,,,
六尾,,火,,96,109,116,火花,電光一閃,,,噴射火焰,報恩,泰山壓頂,蓄能焰襲,遷怒,,,,,
魅力喵,,一般,,109,82,135,抓,電光一閃,,,十萬伏特,嬉鬧,燕返,,,,,,,
藤藤蛇,,草,,88,107,128,撞擊,藤鞭,,,種子炸彈,緊束,能量球,,,,,,,
皮卡丘,,電,,112,96,111,禮物,電光一閃,電擊,,十萬伏特,打雷,放電,瘋狂伏特,衝浪,,,,,
含羞苞,,草,毒,91,109,120,覺醒力量,飛葉快刀,,,打草結,能量球,,,,,,,,
利歐路,,格鬥,,127,78,120,雙倍奉還,電光一閃,,,下盤踢,劈瓦,十字劈,,,,,,,
小約克,,一般,,107,86,128,撞擊,猛撞,,,十萬伏特,岩石封鎖,挖洞,,,,,,,
雪笠怪,,草,冰,115,105,155,冰礫,細雪,,,冰凍光束,報恩,能量球,踩踏,遷怒,,,,,
喇叭芽,,草,毒,139,61,137,溶解液,藤鞭,,,報恩,強力鞭打,污泥炸彈,緊束,遷怒,,,,,
小磁怪,,電,鋼,165,121,93,電光,電擊,,,十萬伏特,報恩,放電,磁鐵炸彈,遷怒,,,,,
泡沫栗鼠,,一般,,98,80,146,拍擊,撒嬌,,,十萬伏特,水流尾,高速星星,,,,,,,
尼多蘭,,毒,,86,89,146,咬住,毒針,,,劇毒牙,污泥炸彈,泰山壓頂,,,,,,,
豆豆鴿,,一般,飛行,98,80,137,空氣斬,電光一閃,,,熱風,燕返,空氣利刃,,,,,,,
圓蝌蚪,,水,,98,78,137,泡沫,泥巴射擊,,,水之波動,污泥波,泥巴炸彈,,,,,,,
種子鐵球,,草,鋼,82,155,127,撞擊,金屬爪,,,加農光炮,鐵頭,陀螺球,,,,,,,
熔岩蟲,,火,,118,71,120,火花,落石,,,岩崩,烈焰濺射,蓄能焰襲,,,,,,,
毽子花,,草,飛行,91,120,146,撞擊,種子機關槍,,,打草結,能量球,魔法閃耀,,,,,,,
圓陸鯊,,龍,地面,124,84,151,泥巴射擊,猛撞,,,報恩,挖洞,泰山壓頂,遷怒,龍卷風,,,,,
斑斑馬,,電,,118,64,128,電光,電光一閃,,,十萬伏特,放電,蓄能焰襲,,,,,,,
夜巡靈,,幽靈,,70,162,85,禍不單行,驚嚇,,,報恩,奇異之風,影子偷襲,遷怒,黑夜魔影,,,,,
小貓怪,,電,,117,64,128,撞擊,電光,,,十萬伏特,放電,高速星星,,,,,,,
蟲寶包,,蟲,草,96,124,128,蟲之抵抗,蟲咬,,,種子炸彈,能量球,銀色旋風,,,,,,,
單首龍,,惡,龍,116,93,141,撞擊,龍息,,,咬碎,泰山壓頂,龍之波動,,,,,,,
盾甲龍,,岩石,鋼,76,195,102,撞擊,鐵尾,,,原始之力,岩石封鎖,重磅衝撞,,,,,,,
喵喵(Alola),Alola,惡,,99,78,120,咬住,抓,,,惡之波動,暗襲要害,欺詐,,,,,,,
信使鳥,,冰,飛行,128,90,128,冰礫,禮物,,,冰凍之風,冰凍拳,報恩,燕返,遷怒,,,,,
幼基拉斯,,岩石,地面,115,93,137,咬住,碎岩,,,原始之力,咬碎,報恩,踩踏,遷怒,,,,,
探探鼠,,一般,,98,73,128,咬住,撞擊,,,必殺門牙,打草結,挖洞,,,,,,,
大牙狸,,一般,,80,73,153,撞擊,猛撞,,,咬碎,必殺門牙,打草結,,,,,,,
扒手貓,,一般,,98,73,121,抓,突襲,,,嬉鬧,惡之波動,暗襲要害,,,,,,,
喵喵,,一般,,92,78,120,咬住,抓,,,報恩,惡之波動,暗襲要害,欺詐,泰山壓頂,遷怒,,,,
利牙魚,,水,惡,171,39,128,咬住,大聲咆哮,,,劇毒牙,咬碎,報恩,水流噴射,遷怒,,,,,
百足蜈蚣,,蟲,毒,83,99,102,毒針,蟲咬,,,信號光束,污泥炸彈,陀螺球,,,,,,,
鴨寶寶,,水,飛行,84,96,158,水槍,翅膀攻擊,,,勇鳥猛攻,泡沫光線,燕返,,,,,,,
不良蛙,,毒,格鬥,116,76,134,毒擊,毒針,,,下盤踢,劈瓦,污泥炸彈,,,,,,,
超音蝠,,毒,飛行,83,73,120,咬住,電光一閃,,,劇毒牙,報恩,污泥炸彈,空氣利刃,遷怒,高速星星,,,,
蓮葉童子,,水,草,71,77,120,水槍,飛葉快刀,,,泡沫光線,能量球,,,,,,,,
芭飄蟲,,蟲,飛行,72,118,120,撞擊,蟲咬,,,燕返,銀色旋風,高速星星,,,,,,,
木棉球,,草,妖精,71,111,120,撒嬌,飛葉快刀,,,打草結,種子炸彈,能量球,,,,,,,
壺壺,,蟲,岩石,17,396,85,落石,蟲之抵抗,,,尖石攻擊,岩石爆擊,陀螺球,,,,,,,
結草兒,,蟲,,53,83,120,撞擊,蟲咬,,,掙扎,,,,,,,,,
長翅鷗,,水,飛行,106,61,120,水槍,電光一閃,,,冰凍光束,水之波動,空氣利刃,,,,,,,
拉魯拉絲,,超能力,妖精,79,59,99,充電光束,念力,,,報恩,影子偷襲,精神衝擊,遷怒,魅惑之聲,,,,,
鐵殼蛹,,蟲,毒,46,75,128,毒針,蟲咬,,,報恩,掙扎,遷怒,,,,,,,
毽子草,,草,飛行,67,94,111,撞擊,種子機關槍,,,打草結,種子炸彈,魔法閃耀,,,,,,,
小福蛋,,一般,,25,77,225,意念頭錘,拍擊,,,精神強念,魔法閃耀,,,,,,,,
圓法師,,蟲,,45,74,114,蟲之抵抗,蟲咬,,,掙扎,,,,,,,,,
獨角蟲,,蟲,毒,63,50,120,毒針,蟲咬,,,報恩,掙扎,直衝鑽,遷怒,,,,,,
三蜜蜂,,蟲,飛行,59,83,102,蟲咬,,,,蟲鳴,,,,,,,,,
大針鋒(超級),超級,蟲,毒,303,148,163,死纏爛打,毒擊,蟲咬,,十字剪,報恩,污泥炸彈,燕返,直衝鑽,致命針刺,遷怒,,,
妙蛙花(超級),超級,草,毒,241,246,190,藤鞭,飛葉快刀,,,報恩,日光束,污泥炸彈,瘋狂植物,落英繽紛,遷怒,,,,
噴火龍(超級X),超級-X,火,龍,273,213,186,火焰旋渦,火花,空氣斬,翅膀攻擊,噴射火焰,報恩,大字爆炎,爆炸烈焰,過熱,遷怒,龍爪,,,
噴火龍(超級Y),超級-Y,火,飛行,319,212,186,火焰旋渦,火花,空氣斬,翅膀攻擊,噴射火焰,報恩,大字爆炎,爆炸烈焰,過熱,遷怒,龍爪,,,
水箭龜(超級),超級,水,,264,237,188,咬住,水槍,,,冰凍光束,加農光炮,加農水炮,報恩,水炮,火箭頭錘,遷怒,,,
大比鳥(超級),超級,一般,飛行,280,175,195,空氣斬,翅膀攻擊,起風,鋼翼,勇鳥猛攻,暴風,燕返,空氣利刃,,,,,,
晃晃斑,,一般,,116,116,155,突襲,精神利刃,,,冰凍之風,岩石封鎖,挖洞,,,,,,,
大尾立,,一般,,148,125,198,突襲,電光一閃,,,劈瓦,挖洞,破壞光線,,,,,,,
超夢(暗影),暗影,超能力,,360,152,214,念力,精神利刃,,,冰凍光束,十萬伏特,噴射火焰,暗影球,真氣彈,破壞光線,精神強念,精神擊破,,
熊寶寶,,一般,,142,93,155,抓,舌舔,,,十字劈,咬碎,報恩,嬉鬧,遷怒,,,,,
劈斬司令,,惡,鋼,232,176,163,大聲咆哮,金屬爪,,,十字剪,惡之波動,真氣彈,鐵頭,,,,,,
駒刀小兵,,惡,鋼,154,114,128,抓,連斬,,,十字剪,暗襲要害,鐵頭,,,,,,,
禿鷹丫頭,,惡,飛行,105,139,172,出奇一擊,空氣斬,,,勇鳥猛攻,惡之波動,欺詐,,,,,,,
流氓鱷,,地面,惡,229,158,216,大聲咆哮,擲泥,,,咬碎,地震,逆鱗,,,,,,,
達摩狒狒,,火,超能力,243,202,233,撞擊,火焰牙,燒盡,,岩崩,真氣彈,精神強念,過熱,,,,,,
大蔥鴨(伽勒爾),伽勒爾,格鬥,,174,114,141,碎岩,連斬,,,劈瓦,勇鳥猛攻,葉刃,,,,,,,
蔥遊兵,,格鬥,,248,176,158,連斬,雙倍奉還,,,勇鳥猛攻,暗襲要害,葉刃,近身戰,,,,,,
大比鳥,,飛行,,166,154,195,空氣斬,翅膀攻擊,起風,鋼翼,勇鳥猛攻,暴風,燕返,空氣利刃,,,,,,
勇士雄鷹,,一般,飛行,232,152,225,空氣斬,鋼翼,,,勇鳥猛攻,岩崩,熱風,近身戰,,,,,,
暴鯉龍(超級),超級,水,惡,292,247,216,咬住,攀瀑,龍尾,龍息,咬碎,報恩,水流尾,水炮,逆鱗,遷怒,龍之波動,龍卷風,,
夢夢蝕,,超能力,,183,166,253,充電光束,意念頭錘,,,精神衝擊,預知未來,魔法閃耀,,,,,,,
仙子伊布,,妖精,,203,205,216,撒嬌,電光一閃,,,吸取之吻,月亮之力,精神衝擊,魔法閃耀,,,,,,
摔角鷹人,,格鬥,飛行,195,153,186,毒擊,翅膀攻擊,踢倒,,十字剪,神鳥猛擊,飛身重壓,,,,,,,
布里卡隆,,草,格鬥,201,204,204,擊落,藤鞭,踢倒,,日光束,能量球,蠻力,陀螺球,,,,,,
長耳兔(超級),超級,一般,格鬥,282,214,163,拍擊,踢倒,,,火焰拳,真氣彈,破壞光線,,,,,,,
電龍(超級),超級,電,龍,294,203,207,伏特替換,充電光束,,,力量寶石,報恩,打雷,真氣彈,遷怒,雷電拳,電磁炮,龍之波動,,
閃電鳥(暗影),暗影,電,飛行,304,154,207,充電光束,電擊,,,十萬伏特,原始之力,啄鑽,打雷,遷怒,電磁炮,,,,
雷公(暗影),暗影,電,,289,162,207,伏特替換,電擊,,,十萬伏特,打雷,暗影球,瘋狂伏特,遷怒,,,,,
電擊魔獸(暗影),暗影,電,,299,136,181,踢倒,電擊,,,冰凍拳,噴射火焰,打雷,瘋狂伏特,遷怒,雷電拳,,,,
堅盾劍怪,,鋼,幽靈,97,291,155,,,,,,,,,,,,,,
死神板,,地面,幽靈,163,237,151,驚嚇,,,,岩石封鎖,暗影球,流沙地獄,,,,,,,
妖火紅狐,,火,超能力,230,189,181,意念頭錘,抓,火焰旋渦,,噴射火焰,大字爆炎,精神強念,蓄能焰襲,,,,,,
斗笠菇(格鬥快刀),,草,格鬥,241,144,155,種子機關槍,,,,爆裂拳,,,,,,,,,
怪力(格鬥快刀),,格鬥,,234,159,207,空手劈,,,,爆裂拳,,,,,,,,,
哲爾尼亞斯,,妖精,,250,185,246,意念頭錘,撞擊,,,打雷,月亮之力,終極衝擊,超級角擊,近身戰,,,,,
依裴爾塔爾,,惡,飛行,250,185,246,大聲咆哮,突襲,起風,,惡之波動,暴風,真氣彈,破壞光線,精神強念,,,,,
七夕青鳥(超級),超級,龍,妖精,222,218,181,啄,龍息,,,月亮之力,神鳥猛擊,魔法閃耀,龍之波動,,,,,,
"椰蛋樹(暗影,重刀)",暗影,草,超能力,280,124,216,種子機關槍,,,,日光束,種子炸彈,,,,,,,,
黏美龍,,龍,,220,242,207,水槍,龍息,,,強力鞭打,污泥波,流星群,濁流,,,,,,
薩戮德,,惡,草,242,215,233,咬住,藤鞭,,,強力鞭打,惡之波動,能量球,,,,,,,
藏瑪然特(百戰勇者),百戰勇者,格鬥,,254,236,192,冰凍牙,大聲咆哮,金屬爪,電光一閃,咬碎,月亮之力,近身戰,鐵頭,,,,,,
藏瑪然特(盾之王),盾之王,格鬥,鋼,250,292,192,冰凍牙,大聲咆哮,金屬爪,電光一閃,咬碎,月亮之力,近身戰,鐵頭,,,,,,
蒼響(百戰勇者),百戰勇者,妖精,,254,236,192,大聲咆哮,火焰牙,金屬爪,電光一閃,嬉鬧,瘋狂伏特,近身戰,鐵頭,,,,,,
蒼響(劍之王),劍之王,妖精,鋼,332,240,192,大聲咆哮,火焰牙,金屬爪,電光一閃,嬉鬧,瘋狂伏特,近身戰,鐵頭,,,,,,
飛天螳螂(暗影),暗影,蟲,飛行,262,142,172,連斬,,,,燕返,蟲鳴,,,,,,,,
雷電獸,,電,,215,127,172,充電光束,大聲咆哮,雷電牙,,打雷,烈焰濺射,瘋狂伏特,過熱,,,,,,
雷電獸(超級),超級,電,,286,179,172,充電光束,大聲咆哮,雷電牙,,打雷,烈焰濺射,瘋狂伏特,過熱,,,,,,
