寶可夢,招式,屬性
七夕青鳥,龍息,@龍
七夕青鳥,啄,@飛行
七夕青鳥,神鳥猛擊,@飛行
七夕青鳥,龍之波動,@龍
七夕青鳥,魔法閃耀,@妖精
七夕青鳥(超級),龍息,@龍
七夕青鳥(超級),啄,@飛行
七夕青鳥(超級),月亮之力,@妖精
七夕青鳥(超級),神鳥猛擊,@飛行
七夕青鳥(超級),龍之波動,@龍
七夕青鳥(超級),魔法閃耀,@妖精
九尾,出奇一擊,@惡
九尾,火花,@火
九尾,火焰旋渦,@火
九尾,大字爆炎,@火
九尾,日光束,@草
九尾,報恩,@一般
九尾,過熱,@火
九尾,精神衝擊,@超能力
九尾,噴射火焰,@火
九尾,熱風,@火
九尾,遷怒,@一般
九尾(Alola),出奇一擊,@惡
九尾(Alola),撒嬌,@妖精
九尾(Alola),細雪,@冰
九尾(Alola),冰凍光束,@冰
九尾(Alola),精神衝擊,@超能力
九尾(Alola),暴風雪,@冰
九尾(Alola),魔法閃耀,@妖精
人造細胞卵,意念頭錘,@超能力
人造細胞卵,覺醒力量,@無
人造細胞卵,打雷,@電
人造細胞卵,暗影球,@幽靈
人造細胞卵,預知未來,@超能力
人造細胞卵(地),意念頭錘,@超能力
人造細胞卵(地),覺醒力量(地),@地面
人造細胞卵(地),打雷,@電
人造細胞卵(地),暗影球,@幽靈
人造細胞卵(地),預知未來,@超能力
人造細胞卵(妖),意念頭錘,@超能力
人造細胞卵(妖),覺醒力量(妖),@妖精
人造細胞卵(妖),打雷,@電
人造細胞卵(妖),暗影球,@幽靈
人造細胞卵(妖),預知未來,@超能力
人造細胞卵(岩),意念頭錘,@超能力
人造細胞卵(岩),覺醒力量(岩),@岩石
人造細胞卵(岩),打雷,@電
人造細胞卵(岩),暗影球,@幽靈
人造細胞卵(岩),預知未來,@超能力
人造細胞卵(毒),意念頭錘,@超能力
人造細胞卵(毒),覺醒力量(毒),@毒
人造細胞卵(毒),打雷,@電
人造細胞卵(毒),暗影球,@幽靈
人造細胞卵(毒),預知未來,@超能力
人造細胞卵(鬥),意念頭錘,@超能力
人造細胞卵(鬥),覺醒力量(鬥),@格鬥
人造細胞卵(鬥),打雷,@電
人造細胞卵(鬥),暗影球,@幽靈
人造細胞卵(鬥),預知未來,@超能力
人造細胞卵(蟲),意念頭錘,@超能力
人造細胞卵(蟲),覺醒力量(蟲),@蟲
人造細胞卵(蟲),打雷,@電
人造細胞卵(蟲),暗影球,@幽靈
人造細胞卵(蟲),預知未來,@超能力
三合一磁怪,電擊,@電
三合一磁怪,電光,@電
三合一磁怪,充電光束,@電
三合一磁怪,加農光炮,@鋼
三合一磁怪,放電,@電
三合一磁怪,報恩,@一般
三合一磁怪,電磁炮,@電
三合一磁怪,磁鐵炸彈,@鋼
三合一磁怪,遷怒,@一般
三地鼠,泥巴射擊,@地面
三地鼠,金屬爪,@鋼
三地鼠,突襲,@惡
三地鼠,擲泥,@地面
三地鼠,地震,@地面
三地鼠,尖石攻擊,@岩石
三地鼠,泥巴炸彈,@地面
三地鼠,報恩,@一般
三地鼠,遷怒,@一般
三地鼠,鐵頭,@鋼
三地鼠(Alola),金屬爪,@鋼
三地鼠(Alola),擲泥,@地面
三地鼠(Alola),地震,@地面
三地鼠(Alola),泥巴炸彈,@地面
三地鼠(Alola),鐵頭,@鋼
三首惡龍,咬住,@惡
三首惡龍,龍息,@龍
三首惡龍,加農光炮,@鋼
三首惡龍,惡之波動,@惡
三首惡龍,龍之波動,@龍
三蜜蜂,蟲咬,@蟲
三蜜蜂,蟲鳴,@蟲
叉字蝠,咬住,@惡
叉字蝠,空氣斬,@飛行
叉字蝠,污泥炸彈,@毒
叉字蝠,空氣利刃,@飛行
叉字蝠,報恩,@一般
叉字蝠,暗影球,@幽靈
叉字蝠,遷怒,@一般
口呆花,飛葉快刀,@草
口呆花,溶解液,@毒
口呆花,種子機關槍,@草
口呆花,污泥炸彈,@毒
口呆花,報恩,@一般
口呆花,種子炸彈,@草
口呆花,遷怒,@一般
土台龜,咬住,@惡
土台龜,飛葉快刀,@草
土台龜,日光束,@草
土台龜,地震,@地面
土台龜,尖石攻擊,@岩石
土台龜,流沙地獄,@地面
土台龜,報恩,@一般
土台龜,瘋狂植物,@草
土台龜,遷怒,@一般
土地雲,泥巴射擊,@地面
土地雲,落石,@岩石
土地雲,大地之力,@地面
土地雲,岩崩,@岩石
土地雲,真氣彈,@格鬥
土地雲,逆鱗,@龍
土地雲(靈獸),泥巴射擊,@地面
土地雲(靈獸),神通力,@超能力
土地雲(靈獸),地震,@地面
土地雲(靈獸),尖石攻擊,@岩石
土地雲(靈獸),重踏,@地面
土地雲(靈獸),蠻力,@格鬥
土龍弟弟,咬住,@惡
土龍弟弟,驚嚇,@幽靈
土龍弟弟,岩崩,@岩石
土龍弟弟,直衝鑽,@地面
土龍弟弟,挖洞,@地面
大力鱷,咬住,@惡
大力鱷,水槍,@水
大力鱷,攀瀑,@水
大力鱷,冰凍牙,@冰
大力鱷,水炮,@水
大力鱷,加農水炮,@水
大力鱷,冰凍光束,@冰
大力鱷,咬碎,@惡
大比鳥,鋼翼,@鋼
大比鳥,翅膀攻擊,@飛行
大比鳥,空氣斬,@飛行
大比鳥,起風,@飛行
大比鳥,空氣利刃,@飛行
大比鳥,勇鳥猛攻,@飛行
大比鳥,暴風,@飛行
大比鳥,燕返,@飛行
大比鳥(超級),鋼翼,@鋼
大比鳥(超級),翅膀攻擊,@飛行
大比鳥(超級),空氣斬,@飛行
大比鳥(超級),起風,@飛行
大比鳥(超級),空氣利刃,@飛行
大比鳥(超級),勇鳥猛攻,@飛行
大比鳥(超級),暴風,@飛行
大比鳥(超級),燕返,@飛行
大牙狸,撞擊,@一般
大牙狸,猛撞,@一般
大牙狸,必殺門牙,@一般
大牙狸,打草結,@草
大牙狸,咬碎,@惡
大奶罐,撞擊,@一般
大奶罐,意念頭錘,@超能力
大奶罐,十萬伏特,@電
大奶罐,冰凍光束,@冰
大奶罐,陀螺球,@鋼
大奶罐,泰山壓頂,@一般
大奶罐,踩踏,@一般
大宇怪,驚嚇,@幽靈
大宇怪,念力,@超能力
大宇怪,岩崩,@岩石
大宇怪,惡之波動,@惡
大宇怪,精神強念,@超能力
大舌舔,舌舔,@幽靈
大舌舔,意念頭錘,@超能力
大舌舔,日光束,@草
大舌舔,地震,@地面
大舌舔,泰山壓頂,@一般
大舌舔,破壞光線,@一般
大舌舔,暗影球,@幽靈
大舌頭,舌舔,@幽靈
大舌頭,意念頭錘,@超能力
大舌頭,破壞光線,@一般
大舌頭,強力鞭打,@草
大舌頭,踩踏,@一般
大尾立,突襲,@惡
大尾立,電光一閃,@一般
大尾立,挖洞,@地面
大尾立,破壞光線,@一般
大尾立,劈瓦,@格鬥
大尾狸,水槍,@水
大尾狸,猛撞,@一般
大尾狸,必殺門牙,@一般
大尾狸,破壞光線,@一般
大尾狸,衝浪,@水
大岩蛇,撞擊,@一般
大岩蛇,落石,@岩石
大岩蛇,尖石攻擊,@岩石
大岩蛇,岩崩,@岩石
大岩蛇,流沙地獄,@地面
大岩蛇,重磅衝撞,@鋼
大岩蛇,報恩,@一般
大岩蛇,遷怒,@一般
大岩蛇,鐵頭,@鋼
大竺葵,藤鞭,@草
大竺葵,飛葉快刀,@草
大竺葵,日光束,@草
大竺葵,地震,@地面
大竺葵,落英繽紛,@草
大竺葵,瘋狂植物,@草
大食花,飛葉快刀,@草
大食花,溶解液,@毒
大食花,日光束,@草
大食花,污泥炸彈,@毒
大食花,青草攪拌器,@草
大食花,報恩,@一般
大食花,葉刃,@草
大食花,酸液炸彈,@毒
大食花,遷怒,@一般
大狼犬,咬住,@惡
大狼犬,火焰牙,@火
大狼犬,雷電牙,@電
大狼犬,冰凍牙,@冰
大狼犬,咬碎,@惡
大狼犬,劇毒牙,@毒
大狼犬,嬉鬧,@妖精
大針蜂,蟲咬,@蟲
大針蜂,毒擊,@毒
大針蜂,死纏爛打,@蟲
大針蜂,十字剪,@蟲
大針蜂,污泥炸彈,@毒
大針蜂,致命針刺,@蟲
大針蜂,報恩,@一般
大針蜂,遷怒,@一般
大針蜂,燕返,@飛行
大針鋒(超級),蟲咬,@蟲
大針鋒(超級),毒擊,@毒
大針鋒(超級),死纏爛打,@蟲
大針鋒(超級),十字剪,@蟲
大針鋒(超級),污泥炸彈,@毒
大針鋒(超級),直衝鑽,@地面
大針鋒(超級),致命針刺,@蟲
大針鋒(超級),報恩,@一般
大針鋒(超級),遷怒,@一般
大針鋒(超級),燕返,@飛行
大朝北鼻,落石,@岩石
大朝北鼻,電光,@電
大朝北鼻,十萬伏特,@電
大朝北鼻,岩崩,@岩石
大朝北鼻,磁鐵炸彈,@鋼
大劍鬼,連斬,@蟲
大劍鬼,攀瀑,@水
大劍鬼,水炮,@水
大劍鬼,超級角擊,@蟲
大劍鬼,暴風雪,@冰
大嘴娃,咬住,@惡
大嘴娃,火焰牙,@火
大嘴娃,驚嚇,@幽靈
大嘴娃,冰凍牙,@冰
大嘴娃,夾住,@一般
大嘴娃,報恩,@一般
大嘴娃,增強拳,@格鬥
大嘴娃,嬉鬧,@妖精
大嘴娃,遷怒,@一般
大嘴娃,鐵頭,@鋼
大嘴蝠,咬住,@惡
大嘴蝠,翅膀攻擊,@飛行
大嘴蝠,奇異之風,@幽靈
大嘴蝠,空氣利刃,@飛行
大嘴蝠,報恩,@一般
大嘴蝠,暗影球,@幽靈
大嘴蝠,劇毒牙,@毒
大嘴蝠,遷怒,@一般
大嘴鷗,水槍,@水
大嘴鷗,翅膀攻擊,@飛行
大嘴鷗,水炮,@水
大嘴鷗,暴風,@飛行
大嘴鷗,暴風雪,@冰
大蔥鴨(伽勒爾),連斬,@蟲
大蔥鴨(伽勒爾),碎岩,@格鬥
大蔥鴨(伽勒爾),勇鳥猛攻,@飛行
大蔥鴨(伽勒爾),葉刃,@草
大蔥鴨(伽勒爾),劈瓦,@格鬥
大鋼蛇,鐵尾,@鋼
大鋼蛇,龍尾,@龍
大鋼蛇,雷電牙,@電
大鋼蛇,地震,@地面
大鋼蛇,咬碎,@惡
大鋼蛇,重磅衝撞,@鋼
大鋼蛇,報恩,@一般
大鋼蛇,遷怒,@一般
大顎蟻,泥巴射擊,@地面
大顎蟻,蟲之抵抗,@蟲
大顎蟻,咬碎,@惡
大顎蟻,挖洞,@地面
大顎蟻,流沙地獄,@地面
大顎蟻,報恩,@一般
大顎蟻,遷怒,@一般
小卡比獸,撞擊,@一般
小卡比獸,舌舔,@幽靈
小卡比獸,垃圾射擊,@毒
小卡比獸,重踏,@地面
小卡比獸,泰山壓頂,@一般
小灰怪,驚嚇,@幽靈
小灰怪,念力,@超能力
小灰怪,幻象光線,@超能力
小灰怪,惡之波動,@惡
小灰怪,精神強念,@超能力
小約克,撞擊,@一般
小約克,猛撞,@一般
小約克,十萬伏特,@電
小約克,岩石封鎖,@岩石
小約克,挖洞,@地面
小海獅,水槍,@水
小海獅,舌舔,@幽靈
小海獅,冰礫,@冰
小海獅,水流尾,@水
小海獅,水流噴射,@水
小海獅,冰凍之風,@冰
小海獅,極光束,@冰
小球飛魚,撞擊,@一般
小球飛魚,泡沫,@水
小球飛魚,水之波動,@水
小球飛魚,冰凍光束,@冰
小球飛魚,燕返,@飛行
小磁怪,電擊,@電
小磁怪,電光,@電
小磁怪,十萬伏特,@電
小磁怪,放電,@電
小磁怪,報恩,@一般
小磁怪,磁鐵炸彈,@鋼
小磁怪,遷怒,@一般
小福蛋,拍擊,@一般
小福蛋,意念頭錘,@超能力
小福蛋,精神強念,@超能力
小福蛋,魔法閃耀,@妖精
小嘴蝸,溶解液,@毒
小嘴蝸,死纏爛打,@蟲
小嘴蝸,信號光束,@蟲
小嘴蝸,泰山壓頂,@一般
小嘴蝸,蟲鳴,@蟲
小貓怪,撞擊,@一般
小貓怪,電光,@電
小貓怪,十萬伏特,@電
小貓怪,放電,@電
小貓怪,高速星星,@一般
小鋸鱷,抓,@一般
小鋸鱷,水槍,@水
小鋸鱷,水之波動,@水
小鋸鱷,水流噴射,@水
小鋸鱷,咬碎,@惡
不良蛙,毒針,@毒
不良蛙,毒擊,@毒
不良蛙,下盤踢,@格鬥
不良蛙,污泥炸彈,@毒
不良蛙,劈瓦,@格鬥
六尾,火花,@火
六尾,電光一閃,@一般
六尾,泰山壓頂,@一般
六尾,報恩,@一般
六尾,蓄能焰襲,@火
六尾,噴射火焰,@火
六尾,遷怒,@一般
勾帕路翁,金屬爪,@鋼
勾帕路翁,意念頭錘,@超能力
勾帕路翁,尖石攻擊,@岩石
勾帕路翁,近身戰,@格鬥
勾帕路翁,聖劍,@格鬥
勾帕路翁,鐵頭,@鋼
勾魂眼,暗影爪,@幽靈
勾魂眼,出奇一擊,@惡
勾魂眼,力量寶石,@岩石
勾魂眼,報恩,@一般
勾魂眼,欺詐,@惡
勾魂眼,影子偷襲,@幽靈
勾魂眼,遷怒,@一般
化石盔,抓,@一般
化石盔,泥巴射擊,@地面
化石盔,水流噴射,@水
化石盔,岩石封鎖,@岩石
化石盔,原始之力,@岩石
化石翼龍,咬住,@惡
化石翼龍,鋼翼,@鋼
化石翼龍,落石,@岩石
化石翼龍,大地之力,@地面
化石翼龍,岩崩,@岩石
化石翼龍,原始之力,@岩石
化石翼龍,破壞光線,@一般
化石翼龍,鐵頭,@鋼
天蠍王,連斬,@蟲
天蠍王,翅膀攻擊,@飛行
天蠍王,地震,@地面
天蠍王,流沙地獄,@地面
天蠍王,暗襲要害,@惡
天蠍王,燕返,@飛行
太古盔甲,連斬,@蟲
太古盔甲,蟲之抵抗,@蟲
太古盔甲,十字毒刃,@毒
太古盔甲,水之波動,@水
太古盔甲,岩石爆擊,@岩石
太陽伊布,意念頭錘,@超能力
太陽伊布,念力,@超能力
太陽伊布,幻象光線,@超能力
太陽伊布,珍藏,@一般
太陽伊布,暗影球,@幽靈
太陽伊布,預知未來,@超能力
太陽伊布,精神強念,@超能力
太陽岩,落石,@岩石
太陽岩,念力,@超能力
太陽岩,日光束,@草
太陽岩,岩崩,@岩石
太陽岩,精神強念,@超能力
引夢貘人,意念頭錘,@超能力
引夢貘人,念力,@超能力
引夢貘人,火焰拳,@火
引夢貘人,冰凍拳,@冰
引夢貘人,真氣彈,@格鬥
引夢貘人,報恩,@一般
引夢貘人,暗影球,@幽靈
引夢貘人,雷電拳,@電
引夢貘人,預知未來,@超能力
引夢貘人,精神強念,@超能力
引夢貘人,精神衝擊,@超能力
引夢貘人,遷怒,@一般
斗笠菇,雙倍奉還,@格鬥
斗笠菇,種子機關槍,@草
斗笠菇,打草結,@草
斗笠菇,污泥炸彈,@毒
斗笠菇,種子炸彈,@草
斗笠菇,爆裂拳,@格鬥
斗笠菇(格鬥快刀),種子機關槍,@草
斗笠菇(格鬥快刀),爆裂拳,@格鬥
月石,落石,@岩石
月石,念力,@超能力
月石,月亮之力,@妖精
月石,岩崩,@岩石
月石,精神強念,@超能力
月亮伊布,出奇一擊,@惡
月亮伊布,大聲咆哮,@惡
月亮伊布,珍藏,@一般
月亮伊布,惡之波動,@惡
月亮伊布,欺詐,@惡
月亮伊布,精神強念,@超能力
月桂葉,撞擊,@一般
月桂葉,飛葉快刀,@草
月桂葉,打草結,@草
月桂葉,原始之力,@岩石
月桂葉,能量球,@草
木棉球,飛葉快刀,@草
木棉球,撒嬌,@妖精
木棉球,打草結,@草
木棉球,能量球,@草
木棉球,種子炸彈,@草
比克提尼,電光一閃,@一般
比克提尼,念力,@超能力
比克提尼,V熱焰,@火
比克提尼,真氣彈,@格鬥
比克提尼,過熱,@火
比克提尼,精神強念,@超能力
毛球,蟲咬,@蟲
毛球,念力,@超能力
毛球,幻象光線,@超能力
毛球,信號光束,@蟲
毛球,報恩,@一般
毛球,劇毒牙,@毒
毛球,遷怒,@一般
水水獺,水槍,@水
水水獺,撞擊,@一般
水水獺,水之波動,@水
水水獺,水流尾,@水
水水獺,暗襲要害,@惡
水伊布,水槍,@水
水伊布,水之波動,@水
水伊布,水流尾,@水
水伊布,水炮,@水
水伊布,珍藏,@一般
水伊布,熱水,@水
水君,神通力,@超能力
水君,大聲咆哮,@惡
水君,覺醒力量,@無
水君,冰凍牙,@冰
水君,水之波動,@水
水君,水炮,@水
水君,冰凍光束,@冰
水君,泡沫光線,@水
水君,報恩,@一般
水君,遷怒,@一般
水晶燈火靈,火焰旋渦,@火
水晶燈火靈,禍不單行,@幽靈
水晶燈火靈,燒盡,@火
水晶燈火靈,能量球,@草
水晶燈火靈,暗影球,@幽靈
水晶燈火靈,過熱,@火
水晶燈火靈,蓄能焰襲,@火
水箭龜,咬住,@惡
水箭龜,水槍,@水
水箭龜,水炮,@水
水箭龜,火箭頭錘,@一般
水箭龜,加農水炮,@水
水箭龜,冰凍光束,@冰
水箭龜,報恩,@一般
水箭龜,遷怒,@一般
水箭龜(超級),咬住,@惡
水箭龜(超級),水槍,@水
水箭龜(超級),水炮,@水
水箭龜(超級),火箭頭錘,@一般
水箭龜(超級),加農水炮,@水
水箭龜(超級),加農光炮,@鋼
水箭龜(超級),冰凍光束,@冰
水箭龜(超級),報恩,@一般
水箭龜(超級),遷怒,@一般
火伊布,火花,@火
火伊布,火焰旋渦,@火
火伊布,大字爆炎,@火
火伊布,珍藏,@一般
火伊布,過熱,@火
火伊布,噴射火焰,@火
火伊布,熱風,@火
火伊布,蠻力,@格鬥
火恐龍,抓,@一般
火恐龍,火焰牙,@火
火恐龍,火花,@火
火恐龍,火焰拳,@火
火恐龍,烈焰濺射,@火
火恐龍,報恩,@一般
火恐龍,噴射火焰,@火
火恐龍,遷怒,@一般
火神蛾,蟲咬,@蟲
火神蛾,火焰旋渦,@火
火神蛾,日光束,@草
火神蛾,過熱,@火
火神蛾,暴風,@飛行
火神蛾,蟲鳴,@蟲
火焰鳥,翅膀攻擊,@飛行
火焰鳥,火焰旋渦,@火
火焰鳥,大字爆炎,@火
火焰鳥,原始之力,@岩石
火焰鳥,神鳥猛擊,@飛行
火焰鳥,報恩,@一般
火焰鳥,過熱,@火
火焰鳥,熱風,@火
火焰鳥,遷怒,@一般
火焰雞,雙倍奉還,@格鬥
火焰雞,火焰旋渦,@火
火焰雞,火焰踢,@火
火焰雞,尖石攻擊,@岩石
火焰雞,勇鳥猛攻,@飛行
火焰雞,真氣彈,@格鬥
火焰雞,過熱,@火
火焰雞,爆炸烈焰,@火
火焰雞(火),火焰旋渦,@火
火焰雞(火),火焰踢,@火
火焰雞(火),爆炸烈焰,@火
火焰雞(鬥),雙倍奉還,@格鬥
火焰雞(鬥),火焰踢,@火
火焰雞(鬥),真氣彈,@格鬥
火爆猴,踢倒,@格鬥
火爆猴,雙倍奉還,@格鬥
火爆猴,空手劈,@格鬥
火爆猴,十字劈,@格鬥
火爆猴,下盤踢,@格鬥
火爆猴,近身戰,@格鬥
火爆猴,暗襲要害,@惡
火爆獸,暗影爪,@幽靈
火爆獸,火花,@火
火爆獸,燒盡,@火
火爆獸,大字爆炎,@火
火爆獸,日光束,@草
火爆獸,過熱,@火
火爆獸,爆炸烈焰,@火
仙子伊布,電光一閃,@一般
仙子伊布,撒嬌,@妖精
仙子伊布,月亮之力,@妖精
仙子伊布,吸取之吻,@妖精
仙子伊布,精神衝擊,@超能力
仙子伊布,魔法閃耀,@妖精
代拉基翁,擊落,@岩石
代拉基翁,意念頭錘,@超能力
代拉基翁,地震,@地面
代拉基翁,岩崩,@岩石
代拉基翁,近身戰,@格鬥
代歐奇希斯,意念頭錘,@超能力
代歐奇希斯,充電光束,@電
代歐奇希斯,十萬伏特,@電
代歐奇希斯,破壞光線,@一般
代歐奇希斯,精神突進,@超能力
代歐奇希斯(攻擊),毒擊,@毒
代歐奇希斯(攻擊),意念頭錘,@超能力
代歐奇希斯(攻擊),惡之波動,@惡
代歐奇希斯(攻擊),電磁炮,@電
代歐奇希斯(攻擊),精神突進,@超能力
代歐奇希斯(防禦),雙倍奉還,@格鬥
代歐奇希斯(防禦),意念頭錘,@超能力
代歐奇希斯(防禦),十萬伏特,@電
代歐奇希斯(防禦),岩崩,@岩石
代歐奇希斯(防禦),精神突進,@超能力
代歐奇希斯(速度),意念頭錘,@超能力
代歐奇希斯(速度),充電光束,@電
代歐奇希斯(速度),十萬伏特,@電
代歐奇希斯(速度),高速星星,@一般
代歐奇希斯(速度),精神突進,@超能力
卡比獸,舌舔,@幽靈
卡比獸,意念頭錘,@超能力
卡比獸,哈欠,@一般
卡比獸,火箭頭錘,@一般
卡比獸,地震,@地面
卡比獸,重磅衝撞,@鋼
卡比獸,泰山壓頂,@一般
卡比獸,破壞光線,@一般
卡比獸,逆鱗,@龍
卡比獸,報恩,@一般
卡比獸,遷怒,@一般
卡比獸,蠻力,@格鬥
卡蒂狗,咬住,@惡
卡蒂狗,火花,@火
卡蒂狗,火焰輪,@火
卡蒂狗,泰山壓頂,@一般
卡蒂狗,報恩,@一般
卡蒂狗,噴射火焰,@火
卡蒂狗,遷怒,@一般
古空棘魚,水槍,@水
古空棘魚,意念頭錘,@超能力
古空棘魚,水流尾,@水
古空棘魚,水炮,@水
古空棘魚,原始之力,@岩石
可多拉,金屬爪,@鋼
可多拉,鐵尾,@鋼
可多拉,岩崩,@岩石
可多拉,重磅衝撞,@鋼
可多拉,泰山壓頂,@一般
尼多后,咬住,@惡
尼多后,毒擊,@毒
尼多后,大地之力,@地面
尼多后,地震,@地面
尼多后,尖石攻擊,@岩石
尼多后,污泥波,@毒
尼多娜,咬住,@惡
尼多娜,毒針,@毒
尼多娜,污泥炸彈,@毒
尼多娜,挖洞,@地面
尼多娜,劇毒牙,@毒
尼多蘭,咬住,@惡
尼多蘭,毒針,@毒
尼多蘭,污泥炸彈,@毒
尼多蘭,泰山壓頂,@一般
尼多蘭,劇毒牙,@毒
巨牙鯊,咬住,@惡
巨牙鯊,攀瀑,@水
巨牙鯊,水炮,@水
巨牙鯊,咬碎,@惡
巨牙鯊,報恩,@一般
巨牙鯊,劇毒牙,@毒
巨牙鯊,遷怒,@一般
巨沼怪,水槍,@水
巨沼怪,泥巴射擊,@地面
巨沼怪,加農水炮,@水
巨沼怪,地震,@地面
巨沼怪,污泥波,@毒
巨沼怪,報恩,@一般
巨沼怪,衝浪,@水
巨沼怪,遷怒,@一般
巨沼怪,濁流,@水
巨金怪,子彈拳,@鋼
巨金怪,意念頭錘,@超能力
巨金怪,加農光炮,@鋼
巨金怪,地震,@地面
巨金怪,彗星拳,@鋼
巨金怪,精神強念,@超能力
巨翅飛魚,翅膀攻擊,@飛行
巨翅飛魚,泡沫,@水
巨翅飛魚,種子機關槍,@草
巨翅飛魚,水之波動,@水
巨翅飛魚,冰凍光束,@冰
巨翅飛魚,泡沫光線,@水
巨翅飛魚,燕返,@飛行
巨鉗螳螂,連斬,@蟲
巨鉗螳螂,子彈拳,@鋼
巨鉗螳螂,十字剪,@蟲
巨鉗螳螂,報恩,@一般
巨鉗螳螂,暗襲要害,@惡
巨鉗螳螂,遷怒,@一般
巨鉗螳螂,鐵頭,@鋼
巨鉗蟹,泥巴射擊,@地面
巨鉗蟹,金屬爪,@鋼
巨鉗蟹,泡沫,@水
巨鉗蟹,十字剪,@蟲
巨鉗蟹,水之波動,@水
巨鉗蟹,夾住,@一般
巨鉗蟹,報恩,@一般
巨鉗蟹,遷怒,@一般
巨鉗蟹,蟹鉗錘,@水
巨蔓藤,藤鞭,@草
巨蔓藤,死纏爛打,@蟲
巨蔓藤,日光束,@草
巨蔓藤,污泥炸彈,@毒
巨蔓藤,原始之力,@岩石
巨蔓藤,強力鞭打,@草
布里卡隆,踢倒,@格鬥
布里卡隆,藤鞭,@草
布里卡隆,擊落,@岩石
布里卡隆,日光束,@草
布里卡隆,陀螺球,@鋼
布里卡隆,能量球,@草
布里卡隆,蠻力,@格鬥
布魯,咬住,@惡
布魯,撞擊,@一般
布魯,咬碎,@惡
布魯,劈瓦,@格鬥
布魯,魔法閃耀,@妖精
布魯皇,咬住,@惡
布魯皇,撒嬌,@妖精
布魯皇,大聲咆哮,@惡
布魯皇,近身戰,@格鬥
布魯皇,咬碎,@惡
布魯皇,嬉鬧,@妖精
幼基拉斯,咬住,@惡
幼基拉斯,碎岩,@格鬥
幼基拉斯,咬碎,@惡
幼基拉斯,原始之力,@岩石
幼基拉斯,報恩,@一般
幼基拉斯,踩踏,@一般
幼基拉斯,遷怒,@一般
扒手貓,抓,@一般
扒手貓,突襲,@惡
扒手貓,惡之波動,@惡
扒手貓,暗襲要害,@惡
扒手貓,嬉鬧,@妖精
打擊鬼,踢倒,@格鬥
打擊鬼,毒擊,@毒
打擊鬼,下盤踢,@格鬥
打擊鬼,泰山壓頂,@一般
打擊鬼,真氣彈,@格鬥
未知圖騰,覺醒力量,@無
未知圖騰,掙扎,@一般
由克希,神通力,@超能力
由克希,念力,@超能力
由克希,打雷,@電
由克希,高速星星,@一般
由克希,預知未來,@超能力
白海獅,鐵尾,@鋼
白海獅,冰息,@冰
白海獅,冰礫,@冰
白海獅,水之波動,@水
白海獅,水流噴射,@水
白海獅,冰凍之風,@冰
白海獅,極光束,@冰
白海獅,暴風雪,@冰
皮卡丘,電擊,@電
皮卡丘,電光一閃,@一般
皮卡丘,禮物,@一般
皮卡丘,十萬伏特,@電
皮卡丘,打雷,@電
皮卡丘,放電,@電
皮卡丘,瘋狂伏特,@電
皮卡丘,衝浪,@水
皮可西,拍擊,@一般
皮可西,意念頭錘,@超能力
皮可西,撒嬌,@妖精
皮可西,充電光束,@電
皮可西,月亮之力,@妖精
皮可西,彗星拳,@鋼
皮可西,精神強念,@超能力
皮可西,魔法閃耀,@妖精
皮皮,拍擊,@一般
皮皮,意念頭錘,@超能力
皮皮,月亮之力,@妖精
皮皮,泰山壓頂,@一般
皮皮,魅惑之聲,@妖精
石丸子,撞擊,@一般
石丸子,擊落,@岩石
石丸子,尖石攻擊,@岩石
石丸子,岩石爆擊,@岩石
石丸子,重踏,@地面
石居蟹,居合斬,@一般
石居蟹,擊落,@岩石
石居蟹,十字剪,@蟲
石居蟹,岩石封鎖,@岩石
石居蟹,岩石爆擊,@岩石
伊布,撞擊,@一般
伊布,電光一閃,@一般
伊布,挖洞,@地面
伊布,珍藏,@一般
伊布,泰山壓頂,@一般
伊布,高速星星,@一般
冰伊布,冰息,@冰
冰伊布,冰礫,@冰
冰伊布,水之波動,@水
冰伊布,冰凍之風,@冰
冰伊布,冰凍光束,@冰
冰伊布,珍藏,@一般
冰伊布,雪崩,@冰
冰鬼護,冰息,@冰
冰鬼護,冰礫,@冰
冰鬼護,陀螺球,@鋼
冰鬼護,雪崩,@冰
冰鬼護,暗影球,@幽靈
吉利蛋,拍擊,@一般
吉利蛋,意念頭錘,@超能力
吉利蛋,破壞光線,@一般
吉利蛋,精神強念,@超能力
吉利蛋,魔法閃耀,@妖精
地幔岩,擊落,@岩石
地幔岩,擲泥,@地面
地幔岩,尖石攻擊,@岩石
地幔岩,岩崩,@岩石
地幔岩,重踏,@地面
多多冰,冰息,@冰
多多冰,驚嚇,@幽靈
多多冰,冰凍之風,@冰
多多冰,冰凍光束,@冰
多多冰,信號光束,@蟲
多刺菊石獸,水槍,@水
多刺菊石獸,泥巴射擊,@地面
多刺菊石獸,落石,@岩石
多刺菊石獸,水炮,@水
多刺菊石獸,岩石爆擊,@岩石
多刺菊石獸,岩崩,@岩石
多刺菊石獸,原始之力,@岩石
多邊獸,撞擊,@一般
多邊獸,意念頭錘,@超能力
多邊獸,電光一閃,@一般
多邊獸,充電光束,@電
多邊獸,覺醒力量,@無
多邊獸,幻象光線,@超能力
多邊獸,日光束,@草
多邊獸,放電,@電
多邊獸,信號光束,@蟲
多邊獸,破壞光線,@一般
多邊獸,報恩,@一般
多邊獸,電磁炮,@電
多邊獸,遷怒,@一般
多邊獸2,充電光束,@電
多邊獸2,覺醒力量,@無
多邊獸2,日光束,@草
多邊獸2,破壞光線,@一般
多邊獸2,報恩,@一般
多邊獸2,電磁炮,@電
多邊獸2,遷怒,@一般
多邊獸Z,鎖定,@一般
多邊獸Z,充電光束,@電
多邊獸Z,覺醒力量,@無
多邊獸Z,三重攻擊,@一般
多邊獸Z,日光束,@草
多邊獸Z,破壞光線,@一般
多邊獸Z,報恩,@一般
多邊獸Z,電磁炮,@電
多邊獸Z,暴風雪,@冰
多邊獸Z,遷怒,@一般
安飄蟲,蟲咬,@蟲
安飄蟲,蟲之抵抗,@蟲
安飄蟲,銀色旋風,@蟲
安飄蟲,燕返,@飛行
安飄蟲,蟲鳴,@蟲
尖牙陸鯊,泥巴射擊,@地面
尖牙陸鯊,猛撞,@一般
尖牙陸鯊,挖洞,@地面
尖牙陸鯊,報恩,@一般
尖牙陸鯊,噴射火焰,@火
尖牙陸鯊,遷怒,@一般
尖牙陸鯊,龍卷風,@龍
尖牙籠,咬住,@惡
尖牙籠,藤鞭,@草
尖牙籠,咬碎,@惡
尖牙籠,能量球,@草
尖牙籠,強力鞭打,@草
死神板,驚嚇,@幽靈
死神板,岩石封鎖,@岩石
死神板,流沙地獄,@地面
死神板,暗影球,@幽靈
死神棺,意念頭錘,@超能力
死神棺,驚嚇,@幽靈
死神棺,惡之波動,@惡
死神棺,暗影球,@幽靈
死神棺,精神強念,@超能力
灰塵山,猛撞,@一般
灰塵山,死纏爛打,@蟲
灰塵山,垃圾射擊,@毒
灰塵山,泰山壓頂,@一般
灰塵山,種子炸彈,@草
灰塵山,酸液炸彈,@毒
百足蜈蚣,蟲咬,@蟲
百足蜈蚣,毒針,@毒
百足蜈蚣,污泥炸彈,@毒
百足蜈蚣,陀螺球,@鋼
百足蜈蚣,信號光束,@蟲
肋骨海龜,水槍,@水
肋骨海龜,落石,@岩石
肋骨海龜,原始之力,@岩石
肋骨海龜,泰山壓頂,@一般
肋骨海龜,衝浪,@水
自爆磁怪,電光,@電
自爆磁怪,充電光束,@電
自爆磁怪,加農光炮,@鋼
自爆磁怪,報恩,@一般
自爆磁怪,電磁炮,@電
自爆磁怪,瘋狂伏特,@電
自爆磁怪,遷怒,@一般
自爆磁怪,鏡光射擊,@鋼
艾路雷朵,踢倒,@格鬥
艾路雷朵,撒嬌,@妖精
艾路雷朵,念力,@超能力
艾路雷朵,同步干擾,@超能力
艾路雷朵,近身戰,@格鬥
艾路雷朵,報恩,@一般
艾路雷朵,葉刃,@草
艾路雷朵,精神強念,@超能力
艾路雷朵,遷怒,@一般
佛烈托斯,蟲咬,@蟲
佛烈托斯,蟲之抵抗,@蟲
佛烈托斯,地震,@地面
佛烈托斯,岩石封鎖,@岩石
佛烈托斯,流沙地獄,@地面
佛烈托斯,重磅衝撞,@鋼
佛烈托斯,鏡光射擊,@鋼
克雷色利亞,精神利刃,@超能力
克雷色利亞,念力,@超能力
克雷色利亞,月亮之力,@妖精
克雷色利亞,極光束,@冰
克雷色利亞,預知未來,@超能力
冷水猿,咬住,@惡
冷水猿,水槍,@水
冷水猿,水炮,@水
冷水猿,咬碎,@惡
冷水猿,衝浪,@水
利牙魚,咬住,@惡
利牙魚,大聲咆哮,@惡
利牙魚,水流噴射,@水
利牙魚,咬碎,@惡
利牙魚,報恩,@一般
利牙魚,劇毒牙,@毒
利牙魚,遷怒,@一般
利歐路,雙倍奉還,@格鬥
利歐路,電光一閃,@一般
利歐路,十字劈,@格鬥
利歐路,下盤踢,@格鬥
利歐路,劈瓦,@格鬥
君主蛇,藤鞭,@草
君主蛇,鐵尾,@鋼
君主蛇,打草結,@草
君主蛇,青草攪拌器,@草
君主蛇,燕返,@飛行
含羞苞,飛葉快刀,@草
含羞苞,覺醒力量,@無
含羞苞,打草結,@草
含羞苞,能量球,@草
吼吼鯨,水槍,@水
吼吼鯨,躍起,@水
吼吼鯨,水之波動,@水
吼吼鯨,重磅衝撞,@鋼
吼吼鯨,泰山壓頂,@一般
呆呆王,水槍,@水
呆呆王,念力,@超能力
呆呆王,大字爆炎,@火
呆呆王,精神強念,@超能力
呆呆王,暴風雪,@冰
呆呆獸,水槍,@水
呆呆獸,念力,@超能力
呆呆獸,水之波動,@水
呆呆獸,精神強念,@超能力
呆呆獸,精神衝擊,@超能力
呆殼獸,水槍,@水
呆殼獸,念力,@超能力
呆殼獸,水之波動,@水
呆殼獸,冰凍光束,@冰
呆殼獸,精神強念,@超能力
妖火紅狐,抓,@一般
妖火紅狐,火焰旋渦,@火
妖火紅狐,意念頭錘,@超能力
妖火紅狐,大字爆炎,@火
妖火紅狐,精神強念,@超能力
妖火紅狐,蓄能焰襲,@火
妖火紅狐,噴射火焰,@火
妙蛙花,藤鞭,@草
妙蛙花,飛葉快刀,@草
妙蛙花,日光束,@草
妙蛙花,污泥炸彈,@毒
妙蛙花,報恩,@一般
妙蛙花,落英繽紛,@草
妙蛙花,瘋狂植物,@草
妙蛙花,遷怒,@一般
妙蛙花(超級),藤鞭,@草
妙蛙花(超級),飛葉快刀,@草
妙蛙花(超級),日光束,@草
妙蛙花(超級),污泥炸彈,@毒
妙蛙花(超級),報恩,@一般
妙蛙花(超級),落英繽紛,@草
妙蛙花(超級),瘋狂植物,@草
妙蛙花(超級),遷怒,@一般
彷徨夜靈,出奇一擊,@惡
彷徨夜靈,禍不單行,@幽靈
彷徨夜靈,火焰拳,@火
彷徨夜靈,冰凍拳,@冰
彷徨夜靈,報恩,@一般
彷徨夜靈,暗影拳,@幽靈
彷徨夜靈,遷怒,@一般
快拳郎,雙倍奉還,@格鬥
快拳郎,子彈拳,@鋼
快拳郎,碎岩,@格鬥
快拳郎,火焰拳,@火
快拳郎,冰凍拳,@冰
快拳郎,近身戰,@格鬥
快拳郎,報恩,@一般
快拳郎,雷電拳,@電
快拳郎,劈瓦,@格鬥
快拳郎,增強拳,@格鬥
快拳郎,遷怒,@一般
快龍,龍息,@龍
快龍,鋼翼,@鋼
快龍,龍尾,@龍
快龍,流星群,@龍
快龍,破壞光線,@一般
快龍,逆鱗,@龍
快龍,報恩,@一般
快龍,暴風,@飛行
快龍,遷怒,@一般
快龍,龍之波動,@龍
快龍,龍爪,@龍
投摔鬼,踢倒,@格鬥
投摔鬼,意念頭錘,@超能力
投摔鬼,下盤踢,@格鬥
投摔鬼,泰山壓頂,@一般
投摔鬼,真氣彈,@格鬥
步哨鼠,咬住,@惡
步哨鼠,踢倒,@格鬥
步哨鼠,必殺門牙,@一般
步哨鼠,打草結,@草
步哨鼠,咬碎,@惡
沙奈朵,撒嬌,@妖精
沙奈朵,充電光束,@電
沙奈朵,念力,@超能力
沙奈朵,同步干擾,@超能力
沙奈朵,報恩,@一般
沙奈朵,暗影球,@幽靈
沙奈朵,精神強念,@超能力
沙奈朵,遷怒,@一般
沙奈朵,魔法閃耀,@妖精
沙河馬,咬住,@惡
沙河馬,撞擊,@一般
沙河馬,岩石封鎖,@岩石
沙河馬,挖洞,@地面
沙河馬,泰山壓頂,@一般
沙河馬,報恩,@一般
沙河馬,遷怒,@一般
沙基拉斯,咬住,@惡
沙基拉斯,碎岩,@格鬥
沙基拉斯,咬碎,@惡
沙基拉斯,挖洞,@地面
沙基拉斯,原始之力,@岩石
沙基拉斯,報恩,@一般
沙基拉斯,遷怒,@一般
沙漠蜻蜓,泥巴射擊,@地面
沙漠蜻蜓,龍尾,@龍
沙漠蜻蜓,大地之力,@地面
沙漠蜻蜓,地震,@地面
沙漠蜻蜓,尖石攻擊,@岩石
沙漠蜻蜓,報恩,@一般
沙漠蜻蜓,遷怒,@一般
沙漠蜻蜓,龍爪,@龍
狃拉,出奇一擊,@惡
狃拉,冰礫,@冰
狃拉,冰凍拳,@冰
狃拉,雪崩,@冰
狃拉,報恩,@一般
狃拉,欺詐,@惡
狃拉,遷怒,@一般
禿鷹丫頭,出奇一擊,@惡
禿鷹丫頭,空氣斬,@飛行
禿鷹丫頭,勇鳥猛攻,@飛行
禿鷹丫頭,惡之波動,@惡
禿鷹丫頭,欺詐,@惡
禿鷹娜,空氣斬,@飛行
禿鷹娜,大聲咆哮,@惡
禿鷹娜,神鳥猛擊,@飛行
禿鷹娜,惡之波動,@惡
禿鷹娜,欺詐,@惡
禿鷹娜,暗影球,@幽靈
禿鷹娜,燕返,@飛行
豆豆鴿,空氣斬,@飛行
豆豆鴿,電光一閃,@一般
豆豆鴿,空氣利刃,@飛行
豆豆鴿,熱風,@火
豆豆鴿,燕返,@飛行
走路草,飛葉快刀,@草
走路草,溶解液,@毒
走路草,月亮之力,@妖精
走路草,污泥炸彈,@毒
走路草,報恩,@一般
走路草,種子炸彈,@草
走路草,遷怒,@一般
車輪毬,蟲咬,@蟲
車輪毬,毒針,@毒
車輪毬,污泥炸彈,@毒
車輪毬,陀螺球,@鋼
車輪毬,信號光束,@蟲
依裴爾塔爾,突襲,@惡
依裴爾塔爾,大聲咆哮,@惡
依裴爾塔爾,起風,@飛行
依裴爾塔爾,真氣彈,@格鬥
依裴爾塔爾,破壞光線,@一般
依裴爾塔爾,惡之波動,@惡
依裴爾塔爾,精神強念,@超能力
依裴爾塔爾,暴風,@飛行
刺甲貝,冰息,@冰
刺甲貝,冰礫,@冰
刺甲貝,水炮,@水
刺甲貝,冰凍之風,@冰
刺甲貝,雪崩,@冰
刺甲貝,報恩,@一般
刺甲貝,極光束,@冰
刺甲貝,暴風雪,@冰
刺甲貝,遷怒,@一般
刺龍王,龍息,@龍
刺龍王,水槍,@水
刺龍王,攀瀑,@水
刺龍王,水炮,@水
刺龍王,逆鱗,@龍
刺龍王,章魚桶炮,@水
刺龍王,暴風雪,@冰
咕咕鴿,鋼翼,@鋼
咕咕鴿,空氣斬,@飛行
咕咕鴿,神鳥猛擊,@飛行
咕咕鴿,熱風,@火
咕咕鴿,燕返,@飛行
固拉多,泥巴射擊,@地面
固拉多,龍尾,@龍
固拉多,大字爆炎,@火
固拉多,日光束,@草
固拉多,地震,@地面
坦克臭鼬,咬住,@惡
坦克臭鼬,毒擊,@毒
坦克臭鼬,污泥炸彈,@毒
坦克臭鼬,咬碎,@惡
坦克臭鼬,噴射火焰,@火
夜巡靈,驚嚇,@幽靈
夜巡靈,禍不單行,@幽靈
夜巡靈,奇異之風,@幽靈
夜巡靈,報恩,@一般
夜巡靈,黑夜魔影,@幽靈
夜巡靈,影子偷襲,@幽靈
夜巡靈,遷怒,@一般
奇諾栗鼠,拍擊,@一般
奇諾栗鼠,撒嬌,@妖精
奇諾栗鼠,十萬伏特,@電
奇諾栗鼠,水流尾,@水
奇諾栗鼠,破壞光線,@一般
始祖大鳥,鋼翼,@鋼
始祖大鳥,翅膀攻擊,@飛行
始祖大鳥,咬碎,@惡
始祖大鳥,原始之力,@岩石
始祖大鳥,龍爪,@龍
始祖小鳥,翅膀攻擊,@飛行
始祖小鳥,電光一閃,@一般
始祖小鳥,咬碎,@惡
始祖小鳥,原始之力,@岩石
始祖小鳥,龍爪,@龍
岩殿居蟹,連斬,@蟲
岩殿居蟹,擊落,@岩石
岩殿居蟹,十字剪,@蟲
岩殿居蟹,岩石爆擊,@岩石
岩殿居蟹,岩崩,@岩石
帕奇利茲,電光,@電
帕奇利茲,伏特替換,@電
帕奇利茲,十萬伏特,@電
帕奇利茲,打雷,@電
帕奇利茲,雷電拳,@電
帕路奇亞,龍息,@龍
帕路奇亞,龍尾,@龍
帕路奇亞,大字爆炎,@火
帕路奇亞,水炮,@水
帕路奇亞,流星群,@龍
幸福蛋,拍擊,@一般
幸福蛋,意念頭錘,@超能力
幸福蛋,破壞光線,@一般
幸福蛋,精神強念,@超能力
幸福蛋,魔法閃耀,@妖精
念力土偶,神通力,@超能力
念力土偶,擲泥,@地面
念力土偶,念力,@超能力
念力土偶,大地之力,@地面
念力土偶,地震,@地面
念力土偶,陀螺球,@鋼
念力土偶,精神強念,@超能力
怪力,雙倍奉還,@格鬥
怪力,子彈拳,@鋼
怪力,空手劈,@格鬥
怪力,十字劈,@格鬥
怪力,地獄翻滾,@格鬥
怪力,尖石攻擊,@岩石
怪力,岩崩,@岩石
怪力,近身戰,@格鬥
怪力,重磅衝撞,@鋼
怪力,爆裂拳,@格鬥
怪力(格鬥快刀),空手劈,@格鬥
怪力(格鬥快刀),爆裂拳,@格鬥
拉帝亞斯,龍息,@龍
拉帝亞斯,意念頭錘,@超能力
拉帝亞斯,撒嬌,@妖精
拉帝亞斯,打雷,@電
拉帝亞斯,逆鱗,@龍
拉帝亞斯,精神強念,@超能力
拉帝歐斯,龍息,@龍
拉帝歐斯,意念頭錘,@超能力
拉帝歐斯,日光束,@草
拉帝歐斯,精神強念,@超能力
拉帝歐斯,龍爪,@龍
拉普拉斯,水槍,@水
拉普拉斯,冰息,@冰
拉普拉斯,冰礫,@冰
拉普拉斯,水炮,@水
拉普拉斯,火箭頭錘,@一般
拉普拉斯,冰凍光束,@冰
拉普拉斯,報恩,@一般
拉普拉斯,暴風雪,@冰
拉普拉斯,衝浪,@水
拉普拉斯,遷怒,@一般
拉普拉斯,龍之波動,@龍
拉魯拉絲,充電光束,@電
拉魯拉絲,念力,@超能力
拉魯拉絲,報恩,@一般
拉魯拉絲,精神衝擊,@超能力
拉魯拉絲,影子偷襲,@幽靈
拉魯拉絲,遷怒,@一般
拉魯拉絲,魅惑之聲,@妖精
東施喵,抓,@一般
東施喵,暗影爪,@幽靈
東施喵,打雷,@電
東施喵,嬉鬧,@妖精
東施喵,燕返,@飛行
果然翁,雙倍奉還,@格鬥
果然翁,撒嬌,@妖精
果然翁,躍起,@水
果然翁,報恩,@一般
果然翁,遷怒,@一般
果然翁,鏡面反射,@超能力
河馬獸,咬住,@惡
河馬獸,火焰牙,@火
河馬獸,雷電牙,@電
河馬獸,冰凍牙,@冰
河馬獸,大地之力,@地面
河馬獸,地震,@地面
河馬獸,尖石攻擊,@岩石
河馬獸,泰山壓頂,@一般
河馬獸,報恩,@一般
河馬獸,遷怒,@一般
泡沫栗鼠,拍擊,@一般
泡沫栗鼠,撒嬌,@妖精
泡沫栗鼠,十萬伏特,@電
泡沫栗鼠,水流尾,@水
泡沫栗鼠,高速星星,@一般
波士可多拉,鐵尾,@鋼
波士可多拉,擊落,@岩石
波士可多拉,龍尾,@龍
波士可多拉,打雷,@電
波士可多拉,尖石攻擊,@岩石
波士可多拉,重磅衝撞,@鋼
波克基斯,空氣斬,@飛行
波克基斯,撒嬌,@妖精
波克基斯,覺醒力量,@無
波克基斯,原始之力,@岩石
波克基斯,噴射火焰,@火
波克基斯,燕返,@飛行
波克基斯,魔法閃耀,@妖精
波克基斯(地),空氣斬,@飛行
波克基斯(地),撒嬌,@妖精
波克基斯(地),覺醒力量(地),@地面
波克基斯(地),原始之力,@岩石
波克基斯(地),噴射火焰,@火
波克基斯(地),燕返,@飛行
波克基斯(地),魔法閃耀,@妖精
泥巴魚,泥巴射擊,@地面
泥巴魚,電擊,@電
泥巴魚,放電,@電
泥巴魚,泥巴炸彈,@地面
泥巴魚,濁流,@水
泥巴魚(伽勒爾),泥巴射擊,@地面
泥巴魚(伽勒爾),金屬爪,@鋼
泥巴魚(伽勒爾),加農光炮,@鋼
泥巴魚(伽勒爾),地震,@地面
泥巴魚(伽勒爾),岩崩,@岩石
泥巴魚(伽勒爾),濁流,@水
泥偶小人,擲泥,@地面
泥偶小人,驚嚇,@幽靈
泥偶小人,黑夜魔影,@幽靈
泥偶小人,暗影拳,@幽靈
泥偶小人,劈瓦,@格鬥
泥偶巨人,擲泥,@地面
泥偶巨人,驚嚇,@幽靈
泥偶巨人,大地之力,@地面
泥偶巨人,暗影拳,@幽靈
泥偶巨人,爆裂拳,@格鬥
泳圈鼬,水槍,@水
泳圈鼬,電光一閃,@一般
泳圈鼬,水之波動,@水
泳圈鼬,水流噴射,@水
泳圈鼬,高速星星,@一般
炎武王,踢倒,@格鬥
炎武王,火花,@火
炎武王,岩崩,@岩石
炎武王,真氣彈,@格鬥
炎武王,熱風,@火
炎帝,火焰牙,@火
炎帝,火焰旋渦,@火
炎帝,大字爆炎,@火
炎帝,過熱,@火
炎帝,噴射火焰,@火
炎帝,鐵頭,@鋼
炒炒豬,撞擊,@一般
炒炒豬,火花,@火
炒炒豬,岩石封鎖,@岩石
炒炒豬,蓄能焰襲,@火
炒炒豬,噴射火焰,@火
直衝熊,撞擊,@一般
直衝熊,暗影爪,@幽靈
直衝熊,打草結,@草
直衝熊,打雷,@電
直衝熊,挖洞,@地面
直衝熊,報恩,@一般
直衝熊,遷怒,@一般
直衝熊(伽勒爾),撞擊,@一般
直衝熊(伽勒爾),舌舔,@幽靈
直衝熊(伽勒爾),暗影爪,@幽靈
直衝熊(伽勒爾),大聲咆哮,@惡
直衝熊(伽勒爾),打草結,@草
直衝熊(伽勒爾),打雷,@電
直衝熊(伽勒爾),垃圾射擊,@毒
直衝熊(伽勒爾),挖洞,@地面
直衝熊(伽勒爾),泰山壓頂,@一般
肯泰羅,撞擊,@一般
肯泰羅,意念頭錘,@超能力
肯泰羅,地震,@地面
肯泰羅,角撞,@一般
肯泰羅,鐵頭,@鋼
芭飄蟲,撞擊,@一般
芭飄蟲,蟲咬,@蟲
芭飄蟲,高速星星,@一般
芭飄蟲,銀色旋風,@蟲
芭飄蟲,燕返,@飛行
花岩怪,突襲,@惡
花岩怪,出奇一擊,@惡
花岩怪,奇異之風,@幽靈
花岩怪,暗影球,@幽靈
花岩怪,影子偷襲,@幽靈
花椰猴,抓,@一般
花椰猴,藤鞭,@草
花椰猴,咬碎,@惡
花椰猴,能量球,@草
花椰猴,種子炸彈,@草
花椰猿,咬住,@惡
花椰猿,藤鞭,@草
花椰猿,日光束,@草
花椰猿,打草結,@草
花椰猿,咬碎,@惡
金魚王,毒擊,@毒
金魚王,攀瀑,@水
金魚王,啄,@飛行
金魚王,水之波動,@水
金魚王,冰凍之風,@冰
金魚王,冰凍光束,@冰
金魚王,直衝鑽,@地面
金魚王,超級角擊,@蟲
長毛狗,舌舔,@幽靈
長毛狗,猛撞,@一般
長毛狗,冰凍牙,@冰
長毛狗,咬碎,@惡
長毛狗,瘋狂伏特,@電
長毛狗,嬉鬧,@妖精
長耳兔,拍擊,@一般
長耳兔,踢倒,@格鬥
長耳兔,火焰拳,@火
長耳兔,真氣彈,@格鬥
長耳兔,破壞光線,@一般
長耳兔(超級),拍擊,@一般
長耳兔(超級),踢倒,@格鬥
長耳兔(超級),火焰拳,@火
長耳兔(超級),真氣彈,@格鬥
長耳兔(超級),破壞光線,@一般
長翅鷗,水槍,@水
長翅鷗,電光一閃,@一般
長翅鷗,水之波動,@水
長翅鷗,冰凍光束,@冰
長翅鷗,空氣利刃,@飛行
阿勃梭魯,精神利刃,@超能力
阿勃梭魯,大聲咆哮,@惡
阿勃梭魯,打雷,@電
阿勃梭魯,惡之波動,@惡
阿勃梭魯,超級角擊,@蟲
青綿鳥,啄,@飛行
青綿鳥,驚嚇,@幽靈
青綿鳥,冰凍光束,@冰
青綿鳥,魅惑之聲,@妖精
青綿鳥,燕返,@飛行
青銅鐘,出奇一擊,@惡
青銅鐘,念力,@超能力
青銅鐘,加農光炮,@鋼
青銅鐘,重磅衝撞,@鋼
青銅鐘,重踏,@地面
青銅鐘,精神強念,@超能力
青銅鐘,精神衝擊,@超能力
青藤蛇,藤鞭,@草
青藤蛇,鐵尾,@鋼
青藤蛇,打草結,@草
青藤蛇,青草攪拌器,@草
青藤蛇,緊束,@一般
保母曼波,攀瀑,@水
保母曼波,覺醒力量,@無
保母曼波,水炮,@水
保母曼波,精神強念,@超能力
保母曼波,暴風雪,@冰
保母曼波(火),攀瀑,@水
保母曼波(火),覺醒力量(火),@火
保母曼波(火),水炮,@水
保母曼波(火),精神強念,@超能力
保母曼波(火),暴風雪,@冰
保母曼波(冰),攀瀑,@水
保母曼波(冰),覺醒力量(冰),@冰
保母曼波(冰),水炮,@水
保母曼波(冰),精神強念,@超能力
保母曼波(冰),暴風雪,@冰
保母曼波(地),攀瀑,@水
保母曼波(地),覺醒力量(地),@地面
保母曼波(地),水炮,@水
保母曼波(地),精神強念,@超能力
保母曼波(地),暴風雪,@冰
保母曼波(毒),攀瀑,@水
保母曼波(毒),覺醒力量(毒),@毒
保母曼波(毒),水炮,@水
保母曼波(毒),精神強念,@超能力
保母曼波(毒),暴風雪,@冰
保母曼波(飛),攀瀑,@水
保母曼波(飛),覺醒力量(飛),@飛行
保母曼波(飛),水炮,@水
保母曼波(飛),精神強念,@超能力
保母曼波(飛),暴風雪,@冰
保母曼波(蟲),攀瀑,@水
保母曼波(蟲),覺醒力量(蟲),@蟲
保母曼波(蟲),水炮,@水
保母曼波(蟲),精神強念,@超能力
保母曼波(蟲),暴風雪,@冰
保母蟲,蟲咬,@蟲
保母蟲,飛葉快刀,@草
保母蟲,十字剪,@蟲
保母蟲,葉刃,@草
保母蟲,銀色旋風,@蟲
信使鳥,冰礫,@冰
信使鳥,禮物,@一般
信使鳥,冰凍之風,@冰
信使鳥,冰凍拳,@冰
信使鳥,報恩,@一般
信使鳥,遷怒,@一般
信使鳥,燕返,@飛行
勇士雄鷹,鋼翼,@鋼
勇士雄鷹,空氣斬,@飛行
勇士雄鷹,岩崩,@岩石
勇士雄鷹,近身戰,@格鬥
勇士雄鷹,勇鳥猛攻,@飛行
勇士雄鷹,熱風,@火
勇基拉,精神利刃,@超能力
勇基拉,念力,@超能力
勇基拉,幻象光線,@超能力
勇基拉,報恩,@一般
勇基拉,暗影球,@幽靈
勇基拉,遷怒,@一般
勇基拉,魔法閃耀,@妖精
哈約克,舌舔,@幽靈
哈約克,猛撞,@一般
哈約克,十萬伏特,@電
哈約克,挖洞,@地面
哈約克,嬉鬧,@妖精
帝牙海獅,冰息,@冰
帝牙海獅,攀瀑,@水
帝牙海獅,水之波動,@水
帝牙海獅,地震,@地面
帝牙海獅,暴風雪,@冰
帝牙盧卡,龍息,@龍
帝牙盧卡,金屬爪,@鋼
帝牙盧卡,打雷,@電
帝牙盧卡,流星群,@龍
帝牙盧卡,鐵頭,@鋼
帝王拿波,金屬爪,@鋼
帝王拿波,攀瀑,@水
帝王拿波,水炮,@水
帝王拿波,加農水炮,@水
帝王拿波,加農光炮,@鋼
帝王拿波,暴風雪,@冰
急凍鳥,冰息,@冰
急凍鳥,冰礫,@冰
急凍鳥,冰凍之風,@冰
急凍鳥,冰凍光束,@冰
急凍鳥,原始之力,@岩石
急凍鳥,報恩,@一般
急凍鳥,暴風,@飛行
急凍鳥,暴風雪,@冰
急凍鳥,遷怒,@一般
恰雷姆,碎岩,@格鬥
恰雷姆,念力,@超能力
恰雷姆,下盤踢,@格鬥
恰雷姆,冰凍拳,@冰
恰雷姆,精神衝擊,@超能力
毒刺水母,毒擊,@毒
毒刺水母,溶解液,@毒
毒刺水母,水炮,@水
毒刺水母,污泥波,@毒
毒刺水母,酸液炸彈,@毒
毒刺水母,暴風雪,@冰
毒骷蛙,毒擊,@毒
毒骷蛙,雙倍奉還,@格鬥
毒骷蛙,污泥炸彈,@毒
毒骷蛙,爆裂拳,@格鬥
洛奇亞,龍尾,@龍
洛奇亞,神通力,@超能力
洛奇亞,水炮,@水
洛奇亞,氣旋攻擊,@飛行
洛奇亞,神鳥猛擊,@飛行
洛奇亞,預知未來,@超能力
流氓鱷,擲泥,@地面
流氓鱷,大聲咆哮,@惡
流氓鱷,地震,@地面
流氓鱷,咬碎,@惡
流氓鱷,逆鱗,@龍
狡猾天狗,飛葉快刀,@草
狡猾天狗,出奇一擊,@惡
狡猾天狗,大聲咆哮,@惡
狡猾天狗,種子機關槍,@草
狡猾天狗,青草攪拌器,@草
狡猾天狗,報恩,@一般
狡猾天狗,欺詐,@惡
狡猾天狗,葉刃,@草
狡猾天狗,暴風,@飛行
狡猾天狗,遷怒,@一般
狩獵鳳蝶,死纏爛打,@蟲
狩獵鳳蝶,蟲之抵抗,@蟲
狩獵鳳蝶,空氣利刃,@飛行
狩獵鳳蝶,銀色旋風,@蟲
狩獵鳳蝶,蟲鳴,@蟲
珍珠貝,水槍,@水
珍珠貝,水之波動,@水
珍珠貝,冰凍光束,@冰
珍珠貝,泰山壓頂,@一般
盆才怪,落石,@岩石
盆才怪,雙倍奉還,@格鬥
盆才怪,地震,@地面
盆才怪,岩石封鎖,@岩石
盆才怪,岩崩,@岩石
盆才怪,重踏,@地面
盾甲龍,撞擊,@一般
盾甲龍,鐵尾,@鋼
盾甲龍,岩石封鎖,@岩石
盾甲龍,重磅衝撞,@鋼
盾甲龍,原始之力,@岩石
穿山王,泥巴射擊,@地面
穿山王,金屬爪,@鋼
穿山王,地震,@地面
穿山王,岩石封鎖,@岩石
穿山王,重踏,@地面
穿山王,報恩,@一般
穿山王,遷怒,@一般
穿山王(Alola),金屬爪,@鋼
穿山王(Alola),細雪,@冰
穿山王(Alola),冰凍拳,@冰
穿山王(Alola),陀螺球,@鋼
穿山王(Alola),重踏,@地面
穿山王(Alola),暴風雪,@冰
穿山鼠,抓,@一般
穿山鼠,泥巴射擊,@地面
穿山鼠,岩石封鎖,@岩石
穿山鼠,岩崩,@岩石
穿山鼠,挖洞,@地面
穿山鼠,流沙地獄,@地面
穿山鼠,報恩,@一般
穿山鼠,遷怒,@一般
穿山鼠(Alola),金屬爪,@鋼
穿山鼠(Alola),細雪,@冰
穿山鼠(Alola),陀螺球,@鋼
穿山鼠(Alola),暗襲要害,@惡
穿山鼠(Alola),暴風雪,@冰
美納斯,攀瀑,@水
美納斯,龍尾,@龍
美納斯,破壞光線,@一般
美納斯,暴風雪,@冰
美納斯,衝浪,@水
美錄坦,電擊,@電
美錄坦,十萬伏特,@電
美錄坦,加農光炮,@鋼
美錄梅塔,電擊,@電
美錄梅塔,十萬伏特,@電
美錄梅塔,加農光炮,@鋼
美錄梅塔,岩崩,@岩石
美錄梅塔,破壞光線,@一般
美錄梅塔,蠻力,@格鬥
美麗花,飛葉快刀,@草
美麗花,溶解液,@毒
美麗花,種子機關槍,@草
美麗花,報恩,@一般
美麗花,落英繽紛,@草
美麗花,葉刃,@草
美麗花,遷怒,@一般
美麗花,魔法閃耀,@妖精
胖可丁,拍擊,@一般
胖可丁,出奇一擊,@惡
胖可丁,撒嬌,@妖精
胖可丁,冰凍光束,@冰
胖可丁,破壞光線,@一般
胖可丁,嬉鬧,@妖精
胖可丁,魔法閃耀,@妖精
胖嘟嘟,泡沫,@水
胖嘟嘟,禍不單行,@幽靈
胖嘟嘟,冰凍光束,@冰
胖嘟嘟,泡沫光線,@水
胖嘟嘟,暗影球,@幽靈
胡地,精神利刃,@超能力
胡地,雙倍奉還,@格鬥
胡地,念力,@超能力
胡地,火焰拳,@火
胡地,真氣彈,@格鬥
胡地,報恩,@一般
胡地,暗影球,@幽靈
胡地,預知未來,@超能力
胡地,精神強念,@超能力
胡地,遷怒,@一般
胡地,魔法閃耀,@妖精
酋雷姆,龍息,@龍
酋雷姆,鋼翼,@鋼
酋雷姆,冰凍之風,@冰
酋雷姆,流星群,@龍
酋雷姆,暴風雪,@冰
酋雷姆,龍爪,@龍
酋雷姆(白),龍息,@龍
酋雷姆(白),鋼翼,@鋼
酋雷姆(白),原始之力,@岩石
酋雷姆(白),真氣彈,@格鬥
酋雷姆(白),暴風雪,@冰
酋雷姆(白),龍之波動,@龍
酋雷姆(黑),暗影爪,@幽靈
酋雷姆(黑),龍尾,@龍
酋雷姆(黑),尖石攻擊,@岩石
酋雷姆(黑),逆鱗,@龍
酋雷姆(黑),暴風雪,@冰
酋雷姆(黑),鐵頭,@鋼
音箱蟀,連斬,@蟲
音箱蟀,蟲之抵抗,@蟲
音箱蟀,十字剪,@蟲
音箱蟀,燕返,@飛行
音箱蟀,蟲鳴,@蟲
風妖精,飛葉快刀,@草
風妖精,撒嬌,@妖精
風妖精,月亮之力,@妖精
風妖精,打草結,@草
風妖精,暴風,@飛行
風速狗,咬住,@惡
風速狗,火焰牙,@火
風速狗,大聲咆哮,@惡
風速狗,雷電牙,@電
風速狗,大字爆炎,@火
風速狗,咬碎,@惡
風速狗,重踏,@地面
風速狗,報恩,@一般
風速狗,瘋狂伏特,@電
風速狗,噴射火焰,@火
風速狗,遷怒,@一般
風鈴鈴,意念頭錘,@超能力
風鈴鈴,驚嚇,@幽靈
風鈴鈴,暗影球,@幽靈
風鈴鈴,精神衝擊,@超能力
風鈴鈴,緊束,@一般
飛天螳螂,連斬,@蟲
飛天螳螂,鋼翼,@鋼
飛天螳螂,空氣斬,@飛行
飛天螳螂,十字剪,@蟲
飛天螳螂,報恩,@一般
飛天螳螂,暗襲要害,@惡
飛天螳螂,遷怒,@一般
飛天螳螂,燕返,@飛行
飛天螳螂,蟲鳴,@蟲
飛腿郎,踢倒,@格鬥
飛腿郎,碎岩,@格鬥
飛腿郎,下盤踢,@格鬥
飛腿郎,尖石攻擊,@岩石
飛腿郎,近身戰,@格鬥
飛腿郎,報恩,@一般
飛腿郎,劈瓦,@格鬥
飛腿郎,踩踏,@一般
飛腿郎,遷怒,@一般
修建老匠,毒擊,@毒
修建老匠,雙倍奉還,@格鬥
修建老匠,尖石攻擊,@岩石
修建老匠,真氣彈,@格鬥
修建老匠,爆裂拳,@格鬥
倫琴貓,電光,@電
倫琴貓,大聲咆哮,@惡
倫琴貓,覺醒力量,@無
倫琴貓,咬碎,@惡
倫琴貓,破壞光線,@一般
倫琴貓,瘋狂伏特,@電
倫琴貓(水),電光,@電
倫琴貓(水),大聲咆哮,@惡
倫琴貓(水),覺醒力量(水),@水
倫琴貓(水),咬碎,@惡
倫琴貓(水),破壞光線,@一般
倫琴貓(水),瘋狂伏特,@電
倫琴貓(冰),電光,@電
倫琴貓(冰),大聲咆哮,@惡
倫琴貓(冰),覺醒力量(冰),@冰
倫琴貓(冰),咬碎,@惡
倫琴貓(冰),破壞光線,@一般
倫琴貓(冰),瘋狂伏特,@電
倫琴貓(草),電光,@電
倫琴貓(草),大聲咆哮,@惡
倫琴貓(草),覺醒力量(草),@草
倫琴貓(草),咬碎,@惡
倫琴貓(草),破壞光線,@一般
倫琴貓(草),瘋狂伏特,@電
倫琴貓(鬥),電光,@電
倫琴貓(鬥),大聲咆哮,@惡
倫琴貓(鬥),覺醒力量(鬥),@格鬥
倫琴貓(鬥),咬碎,@惡
倫琴貓(鬥),破壞光線,@一般
倫琴貓(鬥),瘋狂伏特,@電
凍原熊,撒嬌,@妖精
凍原熊,細雪,@冰
凍原熊,冰凍拳,@冰
凍原熊,嬉鬧,@妖精
凍原熊,衝浪,@水
原蓋海龜,咬住,@惡
原蓋海龜,水槍,@水
原蓋海龜,原始之力,@岩石
原蓋海龜,泰山壓頂,@一般
原蓋海龜,衝浪,@水
哥達鴨,水槍,@水
哥達鴨,念力,@超能力
哥達鴨,十字劈,@格鬥
哥達鴨,水炮,@水
哥達鴨,冰凍光束,@冰
哥達鴨,同步干擾,@超能力
哥達鴨,泡沫光線,@水
哥達鴨,報恩,@一般
哥達鴨,精神強念,@超能力
哥達鴨,遷怒,@一般
哥德小姐,撒嬌,@妖精
哥德小姐,念力,@超能力
哥德小姐,岩崩,@岩石
哥德小姐,預知未來,@超能力
哥德小姐,精神強念,@超能力
哥德小童,拍擊,@一般
哥德小童,念力,@超能力
哥德小童,幻象光線,@超能力
哥德小童,預知未來,@超能力
哥德小童,精神強念,@超能力
哥德寶寶,拍擊,@一般
哥德寶寶,念力,@超能力
哥德寶寶,幻象光線,@超能力
哥德寶寶,精神強念,@超能力
哥德寶寶,精神衝擊,@超能力
哭哭面具,意念頭錘,@超能力
哭哭面具,驚嚇,@幽靈
哭哭面具,奇異之風,@幽靈
哭哭面具,惡之波動,@惡
哭哭面具,暗影球,@幽靈
哲爾尼亞斯,撞擊,@一般
哲爾尼亞斯,意念頭錘,@超能力
哲爾尼亞斯,月亮之力,@妖精
哲爾尼亞斯,打雷,@電
哲爾尼亞斯,近身戰,@格鬥
哲爾尼亞斯,終極衝擊,@一般
哲爾尼亞斯,超級角擊,@蟲
差不多娃娃,拍擊,@一般
差不多娃娃,意念頭錘,@超能力
差不多娃娃,破壞光線,@一般
差不多娃娃,魅惑之聲,@妖精
差不多娃娃,魔法閃耀,@妖精
席多藍恩,蟲咬,@蟲
席多藍恩,火焰旋渦,@火
席多藍恩,大字爆炎,@火
席多藍恩,尖石攻擊,@岩石
席多藍恩,噴射火焰,@火
席多藍恩,鐵頭,@鋼
時拉比,充電光束,@電
時拉比,念力,@超能力
時拉比,破壞光線,@一般
時拉比,種子炸彈,@草
時拉比,精神強念,@超能力
時拉比,魔法閃耀,@妖精
晃晃斑,突襲,@惡
晃晃斑,精神利刃,@超能力
晃晃斑,冰凍之風,@冰
晃晃斑,岩石封鎖,@岩石
晃晃斑,挖洞,@地面
浮潛鼬,水槍,@水
浮潛鼬,攀瀑,@水
浮潛鼬,水流噴射,@水
浮潛鼬,水炮,@水
浮潛鼬,高速星星,@一般
海兔獸,擲泥,@地面
海兔獸,覺醒力量,@無
海兔獸,大地之力,@地面
海兔獸,水之波動,@水
海兔獸,泰山壓頂,@一般
海刺龍,龍息,@龍
海刺龍,水槍,@水
海刺龍,水炮,@水
海刺龍,極光束,@冰
海刺龍,暴風雪,@冰
海刺龍,龍之波動,@龍
海豹球,水槍,@水
海豹球,碎岩,@格鬥
海豹球,水之波動,@水
海豹球,泰山壓頂,@一般
海豹球,極光束,@冰
海魔獅,水槍,@水
海魔獅,細雪,@冰
海魔獅,水之波動,@水
海魔獅,泰山壓頂,@一般
海魔獅,極光束,@冰
烈空坐,龍尾,@龍
烈空坐,空氣斬,@飛行
烈空坐,原始之力,@岩石
烈空坐,逆鱗,@龍
烈空坐,暴風,@飛行
烈空坐,燕返,@飛行
烈咬陸鯊,泥巴射擊,@地面
烈咬陸鯊,龍尾,@龍
烈咬陸鯊,大地之力,@地面
烈咬陸鯊,大字爆炎,@火
烈咬陸鯊,地震,@地面
烈咬陸鯊,流沙地獄,@地面
烈咬陸鯊,逆鱗,@龍
烈焰馬,踢倒,@格鬥
烈焰馬,火花,@火
烈焰馬,火焰旋渦,@火
烈焰馬,燒盡,@火
烈焰馬,大字爆炎,@火
烈焰馬,直衝鑽,@地面
烈焰馬,熱風,@火
烈焰猴,火焰旋渦,@火
烈焰猴,碎岩,@格鬥
烈焰猴,日光束,@草
烈焰猴,近身戰,@格鬥
烈焰猴,報恩,@一般
烈焰猴,噴射火焰,@火
烈焰猴,遷怒,@一般
烈焰猴,爆炸烈焰,@火
烏鴉頭頭,啄,@飛行
烏鴉頭頭,大聲咆哮,@惡
烏鴉頭頭,勇鳥猛攻,@飛行
烏鴉頭頭,神鳥猛擊,@飛行
烏鴉頭頭,報恩,@一般
烏鴉頭頭,惡之波動,@惡
烏鴉頭頭,精神強念,@超能力
烏鴉頭頭,遷怒,@一般
班基拉斯,咬住,@惡
班基拉斯,鐵尾,@鋼
班基拉斯,擊落,@岩石
班基拉斯,大字爆炎,@火
班基拉斯,尖石攻擊,@岩石
班基拉斯,咬碎,@惡
班基拉斯,報恩,@一般
班基拉斯,遷怒,@一般
破破袋,拍擊,@一般
破破袋,猛撞,@一般
破破袋,垃圾射擊,@毒
破破袋,種子炸彈,@草
耿鬼,舌舔,@幽靈
耿鬼,暗影爪,@幽靈
耿鬼,突襲,@惡
耿鬼,禍不單行,@幽靈
耿鬼,污泥波,@毒
耿鬼,污泥炸彈,@毒
耿鬼,真氣彈,@格鬥
耿鬼,惡之波動,@惡
耿鬼,暗影拳,@幽靈
耿鬼,暗影球,@幽靈
耿鬼,精神強念,@超能力
臭泥,毒擊,@毒
臭泥,溶解液,@毒
臭泥,擲泥,@地面
臭泥,污泥攻擊,@毒
臭泥,污泥炸彈,@毒
臭泥,泥巴炸彈,@地面
臭泥,報恩,@一般
臭泥,遷怒,@一般
臭臭泥,舌舔,@幽靈
臭臭泥,毒擊,@毒
臭臭泥,溶解液,@毒
臭臭泥,死纏爛打,@蟲
臭臭泥,污泥波,@毒
臭臭泥,垃圾射擊,@毒
臭臭泥,報恩,@一般
臭臭泥,惡之波動,@惡
臭臭泥,雷電拳,@電
臭臭泥,酸液炸彈,@毒
臭臭泥,遷怒,@一般
臭臭泥(Alola),咬住,@惡
臭臭泥(Alola),毒擊,@毒
臭臭泥(Alola),大聲咆哮,@惡
臭臭泥(Alola),污泥波,@毒
臭臭泥(Alola),垃圾射擊,@毒
臭臭泥(Alola),惡之波動,@惡
臭臭泥(Alola),酸液炸彈,@毒
臭臭花,飛葉快刀,@草
臭臭花,溶解液,@毒
臭臭花,月亮之力,@妖精
臭臭花,污泥炸彈,@毒
臭臭花,報恩,@一般
臭臭花,落英繽紛,@草
臭臭花,遷怒,@一般
臭鼬噗,抓,@一般
臭鼬噗,咬住,@惡
臭鼬噗,污泥炸彈,@毒
臭鼬噗,咬碎,@惡
臭鼬噗,噴射火焰,@火
草苗龜,撞擊,@一般
草苗龜,飛葉快刀,@草
草苗龜,泰山壓頂,@一般
草苗龜,能量球,@草
草苗龜,報恩,@一般
草苗龜,種子炸彈,@草
草苗龜,遷怒,@一般
蚊香泳士,泥巴射擊,@地面
蚊香泳士,碎岩,@格鬥
蚊香泳士,泡沫,@水
蚊香泳士,水炮,@水
蚊香泳士,冰凍拳,@冰
蚊香泳士,地獄翻滾,@格鬥
蚊香泳士,報恩,@一般
蚊香泳士,增強拳,@格鬥
蚊香泳士,遷怒,@一般
蚊香泳士,爆裂拳,@格鬥
蚊香蛙皇,泥巴射擊,@地面
蚊香蛙皇,泡沫,@水
蚊香蛙皇,水炮,@水
蚊香蛙皇,地震,@地面
蚊香蛙皇,報恩,@一般
蚊香蛙皇,暴風雪,@冰
蚊香蛙皇,衝浪,@水
蚊香蛙皇,遷怒,@一般
迷你冰,驚嚇,@幽靈
迷你冰,細雪,@冰
迷你冰,冰凍之風,@冰
迷你冰,冰凍光束,@冰
迷你冰,信號光束,@蟲
迷唇姐,拍擊,@一般
迷唇姐,冰息,@冰
迷唇姐,念力,@超能力
迷唇姐,冰凍拳,@冰
迷唇姐,吸取之吻,@妖精
迷唇姐,真氣彈,@格鬥
迷唇姐,雪崩,@冰
迷唇姐,精神衝擊,@超能力
迷唇娃,拍擊,@一般
迷唇娃,冰息,@冰
迷唇娃,細雪,@冰
迷唇娃,冰凍光束,@冰
迷唇娃,冰凍拳,@冰
迷唇娃,精神衝擊,@超能力
閃電鳥,電擊,@電
閃電鳥,充電光束,@電
閃電鳥,十萬伏特,@電
閃電鳥,打雷,@電
閃電鳥,原始之力,@岩石
閃電鳥,啄鑽,@飛行
閃電鳥,報恩,@一般
閃電鳥,電磁炮,@電
閃電鳥,遷怒,@一般
閃電鳥(暗影),電擊,@電
閃電鳥(暗影),充電光束,@電
閃電鳥(暗影),十萬伏特,@電
閃電鳥(暗影),打雷,@電
閃電鳥(暗影),原始之力,@岩石
閃電鳥(暗影),啄鑽,@飛行
閃電鳥(暗影),電磁炮,@電
閃電鳥(暗影),遷怒,@一般
高傲雉雞,鋼翼,@鋼
高傲雉雞,空氣斬,@飛行
高傲雉雞,破壞光線,@一般
高傲雉雞,神鳥猛擊,@飛行
高傲雉雞,熱風,@火
勒克貓,咬住,@惡
勒克貓,電光,@電
勒克貓,十萬伏特,@電
勒克貓,咬碎,@惡
勒克貓,瘋狂伏特,@電
圈圈熊,暗影爪,@幽靈
圈圈熊,金屬爪,@鋼
圈圈熊,雙倍奉還,@格鬥
圈圈熊,近身戰,@格鬥
圈圈熊,破壞光線,@一般
圈圈熊,嬉鬧,@妖精
基拉祈,充電光束,@電
基拉祈,念力,@超能力
基拉祈,破滅之願,@鋼
基拉祈,精神強念,@超能力
基拉祈,魔法閃耀,@妖精
堅果啞鈴,金屬爪,@鋼
堅果啞鈴,種子機關槍,@草
堅果啞鈴,加農光炮,@鋼
堅果啞鈴,打雷,@電
堅果啞鈴,強力鞭打,@草
堅果啞鈴,酸液炸彈,@毒
堅果啞鈴,鏡光射擊,@鋼
堵攔熊,舌舔,@幽靈
堵攔熊,雙倍奉還,@格鬥
堵攔熊,十字劈,@格鬥
堵攔熊,垃圾射擊,@毒
堵攔熊,破壞光線,@一般
堵攔熊,暗襲要害,@惡
捲捲耳,拍擊,@一般
捲捲耳,電光一閃,@一般
捲捲耳,火焰拳,@火
捲捲耳,高速星星,@一般
捷克羅姆,龍息,@龍
捷克羅姆,充電光束,@電
捷克羅姆,加農光炮,@鋼
捷克羅姆,咬碎,@惡
捷克羅姆,逆鱗,@龍
捷克羅姆,瘋狂伏特,@電
探探鼠,咬住,@惡
探探鼠,撞擊,@一般
探探鼠,必殺門牙,@一般
探探鼠,打草結,@草
探探鼠,挖洞,@地面
敏捷蟲,溶解液,@毒
敏捷蟲,死纏爛打,@蟲
敏捷蟲,信號光束,@蟲
敏捷蟲,真氣彈,@格鬥
敏捷蟲,酸液炸彈,@毒
敏捷蟲,蟲鳴,@蟲
敗露球菇,出奇一擊,@惡
敗露球菇,驚嚇,@幽靈
敗露球菇,打草結,@草
敗露球菇,污泥炸彈,@毒
敗露球菇,欺詐,@惡
甜甜螢,撞擊,@一般
甜甜螢,蟲之抵抗,@蟲
甜甜螢,銀色旋風,@蟲
甜甜螢,蟲鳴,@蟲
甜甜螢,魔法閃耀,@妖精
畢力吉翁,意念頭錘,@超能力
畢力吉翁,電光一閃,@一般
畢力吉翁,尖石攻擊,@岩石
畢力吉翁,近身戰,@格鬥
畢力吉翁,葉刃,@草
盔甲鳥,鋼翼,@鋼
盔甲鳥,空氣斬,@飛行
盔甲鳥,加農光炮,@鋼
盔甲鳥,勇鳥猛攻,@飛行
盔甲鳥,神鳥猛擊,@飛行
紳士蛾,蟲咬,@蟲
紳士蛾,空氣斬,@飛行
紳士蛾,幻象光線,@超能力
紳士蛾,燕返,@飛行
紳士蛾,蟲鳴,@蟲
蛋蛋,種子機關槍,@草
蛋蛋,念力,@超能力
蛋蛋,原始之力,@岩石
蛋蛋,報恩,@一般
蛋蛋,種子炸彈,@草
蛋蛋,精神強念,@超能力
蛋蛋,遷怒,@一般
袋獸,踢倒,@格鬥
袋獸,擲泥,@地面
袋獸,地震,@地面
袋獸,咬碎,@惡
袋獸,逆鱗,@龍
袋獸,報恩,@一般
袋獸,劈瓦,@格鬥
袋獸,增強拳,@格鬥
袋獸,踩踏,@一般
袋獸,遷怒,@一般
野蠻鱸魚,水槍,@水
野蠻鱸魚,撞擊,@一般
野蠻鱸魚,水流尾,@水
野蠻鱸魚,水流噴射,@水
野蠻鱸魚,濁流,@水
雪妖女,細雪,@冰
雪妖女,禍不單行,@幽靈
雪妖女,咬碎,@惡
雪妖女,雪崩,@冰
雪妖女,暗影球,@幽靈
雪笠怪,冰礫,@冰
雪笠怪,細雪,@冰
雪笠怪,冰凍光束,@冰
雪笠怪,能量球,@草
雪笠怪,報恩,@一般
雪笠怪,踩踏,@一般
雪笠怪,遷怒,@一般
雪童子,細雪,@冰
雪童子,禍不單行,@幽靈
雪童子,冰凍之風,@冰
雪童子,雪崩,@冰
雪童子,暗影球,@幽靈
凱路迪歐,踢倒,@格鬥
凱路迪歐,毒擊,@毒
凱路迪歐,十字剪,@蟲
凱路迪歐,水流噴射,@水
凱路迪歐,水炮,@水
凱路迪歐,近身戰,@格鬥
凱羅斯,連斬,@蟲
凱羅斯,蟲咬,@蟲
凱羅斯,碎岩,@格鬥
凱羅斯,十字剪,@蟲
凱羅斯,地獄翻滾,@格鬥
凱羅斯,夾住,@一般
凱羅斯,近身戰,@格鬥
凱羅斯,蠻力,@格鬥
喇叭芽,藤鞭,@草
喇叭芽,溶解液,@毒
喇叭芽,污泥炸彈,@毒
喇叭芽,強力鞭打,@草
喇叭芽,報恩,@一般
喇叭芽,緊束,@一般
喇叭芽,遷怒,@一般
單卵細胞球,意念頭錘,@超能力
單卵細胞球,覺醒力量,@無
單卵細胞球,打雷,@電
單卵細胞球,黑夜魔影,@幽靈
單卵細胞球,精神衝擊,@超能力
單首龍,龍息,@龍
單首龍,撞擊,@一般
單首龍,咬碎,@惡
單首龍,泰山壓頂,@一般
單首龍,龍之波動,@龍
喵喵,抓,@一般
喵喵,咬住,@惡
喵喵,泰山壓頂,@一般
喵喵,報恩,@一般
喵喵,惡之波動,@惡
喵喵,欺詐,@惡
喵喵,暗襲要害,@惡
喵喵,遷怒,@一般
喵喵(Alola),抓,@一般
喵喵(Alola),咬住,@惡
喵喵(Alola),惡之波動,@惡
喵喵(Alola),欺詐,@惡
喵喵(Alola),暗襲要害,@惡
喵頭目,暗影爪,@幽靈
喵頭目,金屬爪,@鋼
喵頭目,近身戰,@格鬥
喵頭目,欺詐,@惡
喵頭目,嬉鬧,@妖精
喵頭目,鐵頭,@鋼
壺壺,落石,@岩石
壺壺,蟲之抵抗,@蟲
壺壺,尖石攻擊,@岩石
壺壺,岩石爆擊,@岩石
壺壺,陀螺球,@鋼
媒炭龜,火花,@火
媒炭龜,火焰旋渦,@火
媒炭龜,日光束,@草
媒炭龜,地震,@地面
媒炭龜,過熱,@火
幾何雪花,冰息,@冰
幾何雪花,冰礫,@冰
幾何雪花,日光束,@草
幾何雪花,水之波動,@水
幾何雪花,暗襲要害,@惡
幾何雪花,極光束,@冰
斑斑馬,電光,@電
斑斑馬,電光一閃,@一般
斑斑馬,十萬伏特,@電
斑斑馬,放電,@電
斑斑馬,蓄能焰襲,@火
朝北鼻,落石,@岩石
朝北鼻,電光,@電
朝北鼻,十萬伏特,@電
朝北鼻,岩石爆擊,@岩石
朝北鼻,岩崩,@岩石
無殼海兔,擲泥,@地面
無殼海兔,覺醒力量,@無
無殼海兔,水之波動,@水
無殼海兔,泥巴炸彈,@地面
無殼海兔,泰山壓頂,@一般
結草兒,撞擊,@一般
結草兒,蟲咬,@蟲
結草兒,掙扎,@一般
結草貴婦(沙土),蟲咬,@蟲
結草貴婦(沙土),念力,@超能力
結草貴婦(沙土),幻象光線,@超能力
結草貴婦(沙土),重踏,@地面
結草貴婦(沙土),蟲鳴,@蟲
結草貴婦(垃圾),蟲咬,@蟲
結草貴婦(垃圾),念力,@超能力
結草貴婦(垃圾),幻象光線,@超能力
結草貴婦(垃圾),蟲鳴,@蟲
結草貴婦(垃圾),鐵頭,@鋼
結草貴婦(草木),蟲咬,@蟲
結草貴婦(草木),念力,@超能力
結草貴婦(草木),幻象光線,@超能力
結草貴婦(草木),能量球,@草
結草貴婦(草木),蟲鳴,@蟲
聒噪鳥,鋼翼,@鋼
聒噪鳥,啄,@飛行
聒噪鳥,神鳥猛擊,@飛行
聒噪鳥,黑夜魔影,@幽靈
聒噪鳥,熱風,@火
菊石獸,水槍,@水
菊石獸,泥巴射擊,@地面
菊石獸,岩石封鎖,@岩石
菊石獸,岩石爆擊,@岩石
菊石獸,泡沫光線,@水
菊石獸,原始之力,@岩石
菊石獸,報恩,@一般
菊石獸,遷怒,@一般
菊草葉,撞擊,@一般
菊草葉,藤鞭,@草
菊草葉,打草結,@草
菊草葉,泰山壓頂,@一般
菊草葉,能量球,@草
萊希拉姆,龍息,@龍
萊希拉姆,火焰牙,@火
萊希拉姆,尖石攻擊,@岩石
萊希拉姆,咬碎,@惡
萊希拉姆,流星群,@龍
萊希拉姆,過熱,@火
詛咒娃娃,暗影爪,@幽靈
詛咒娃娃,禍不單行,@幽靈
詛咒娃娃,打雷,@電
詛咒娃娃,報恩,@一般
詛咒娃娃,暗影球,@幽靈
詛咒娃娃,遷怒,@一般
詛咒娃娃,魔法閃耀,@妖精
象牙豬,擲泥,@地面
象牙豬,細雪,@冰
象牙豬,尖石攻擊,@岩石
象牙豬,重踏,@地面
象牙豬,原始之力,@岩石
象牙豬,雪崩,@冰
超甲狂犀,擊落,@岩石
超甲狂犀,擲泥,@地面
超甲狂犀,火箭頭錘,@一般
超甲狂犀,地震,@地面
超甲狂犀,尖石攻擊,@岩石
超甲狂犀,岩石炮,@岩石
超甲狂犀,報恩,@一般
超甲狂犀,衝浪,@水
超甲狂犀,遷怒,@一般
超甲狂犀,蠻力,@格鬥
超音蝠,咬住,@惡
超音蝠,電光一閃,@一般
超音蝠,污泥炸彈,@毒
超音蝠,空氣利刃,@飛行
超音蝠,高速星星,@一般
超音蝠,報恩,@一般
超音蝠,劇毒牙,@毒
超音蝠,遷怒,@一般
超夢,精神利刃,@超能力
超夢,念力,@超能力
超夢,十萬伏特,@電
超夢,冰凍光束,@冰
超夢,真氣彈,@格鬥
超夢,破壞光線,@一般
超夢,暗影球,@幽靈
超夢,精神強念,@超能力
超夢,精神擊破,@超能力
超夢,噴射火焰,@火
超夢(Armored),鐵尾,@鋼
超夢(Armored),念力,@超能力
超夢(Armored),地震,@地面
超夢(Armored),岩崩,@岩石
超夢(Armored),預知未來,@超能力
超夢(Armored),爆裂拳,@格鬥
超夢(暗影),精神利刃,@超能力
超夢(暗影),念力,@超能力
超夢(暗影),十萬伏特,@電
超夢(暗影),冰凍光束,@冰
超夢(暗影),真氣彈,@格鬥
超夢(暗影),破壞光線,@一般
超夢(暗影),暗影球,@幽靈
超夢(暗影),精神強念,@超能力
超夢(暗影),精神擊破,@超能力
超夢(暗影),噴射火焰,@火
隆隆岩,泥巴射擊,@地面
隆隆岩,落石,@岩石
隆隆岩,擲泥,@地面
隆隆岩,地震,@地面
隆隆岩,尖石攻擊,@岩石
隆隆岩,岩石爆擊,@岩石
隆隆岩,原始之力,@岩石
隆隆岩,報恩,@一般
隆隆岩,遷怒,@一般
隆隆岩(Alola),落石,@岩石
隆隆岩(Alola),伏特替換,@電
隆隆岩(Alola),尖石攻擊,@岩石
隆隆岩(Alola),岩石爆擊,@岩石
隆隆岩(Alola),瘋狂伏特,@電
黑夜魔靈,驚嚇,@幽靈
黑夜魔靈,禍不單行,@幽靈
黑夜魔靈,奇異之風,@幽靈
黑夜魔靈,報恩,@一般
黑夜魔靈,惡之波動,@惡
黑夜魔靈,精神強念,@超能力
黑夜魔靈,遷怒,@一般
黑魯加,火焰牙,@火
黑魯加,大聲咆哮,@惡
黑魯加,大字爆炎,@火
黑魯加,咬碎,@惡
黑魯加,報恩,@一般
黑魯加,欺詐,@惡
黑魯加,噴射火焰,@火
黑魯加,遷怒,@一般
催眠貘,拍擊,@一般
催眠貘,念力,@超能力
催眠貘,幻象光線,@超能力
催眠貘,報恩,@一般
催眠貘,精神強念,@超能力
催眠貘,精神衝擊,@超能力
催眠貘,遷怒,@一般
圓法師,蟲咬,@蟲
圓法師,蟲之抵抗,@蟲
圓法師,掙扎,@一般
圓陸鯊,泥巴射擊,@地面
圓陸鯊,猛撞,@一般
圓陸鯊,挖洞,@地面
圓陸鯊,泰山壓頂,@一般
圓陸鯊,報恩,@一般
圓陸鯊,遷怒,@一般
圓陸鯊,龍卷風,@龍
圓蝌蚪,泥巴射擊,@地面
圓蝌蚪,泡沫,@水
圓蝌蚪,水之波動,@水
圓蝌蚪,污泥波,@毒
圓蝌蚪,泥巴炸彈,@地面
搖籃百合,溶解液,@毒
搖籃百合,死纏爛打,@蟲
搖籃百合,打草結,@草
搖籃百合,尖石攻擊,@岩石
搖籃百合,重踏,@地面
搬運小匠,拍擊,@一般
搬運小匠,踢倒,@格鬥
搬運小匠,下盤踢,@格鬥
搬運小匠,岩石封鎖,@岩石
搬運小匠,劈瓦,@格鬥
暖暖豬,撞擊,@一般
暖暖豬,火花,@火
暖暖豬,泰山壓頂,@一般
暖暖豬,蓄能焰襲,@火
暖暖豬,噴射火焰,@火
椰蛋樹,意念頭錘,@超能力
椰蛋樹,神通力,@超能力
椰蛋樹,種子機關槍,@草
椰蛋樹,念力,@超能力
椰蛋樹,日光束,@草
椰蛋樹,種子炸彈,@草
椰蛋樹,精神強念,@超能力
椰蛋樹(Alola),龍尾,@龍
椰蛋樹(Alola),種子機關槍,@草
椰蛋樹(Alola),日光束,@草
椰蛋樹(Alola),種子炸彈,@草
椰蛋樹(Alola),龍之波動,@龍
"椰蛋樹(暗影,重刀)",種子機關槍,@草
"椰蛋樹(暗影,重刀)",日光束,@草
"椰蛋樹(暗影,重刀)",種子炸彈,@草
毽子花,撞擊,@一般
毽子花,種子機關槍,@草
毽子花,打草結,@草
毽子花,能量球,@草
毽子花,魔法閃耀,@妖精
毽子草,撞擊,@一般
毽子草,種子機關槍,@草
毽子草,打草結,@草
毽子草,種子炸彈,@草
毽子草,魔法閃耀,@妖精
毽子棉,死纏爛打,@蟲
毽子棉,種子機關槍,@草
毽子棉,日光束,@草
毽子棉,能量球,@草
毽子棉,燕返,@飛行
毽子棉,魔法閃耀,@妖精
滑滑小子,出奇一擊,@惡
滑滑小子,碎岩,@格鬥
滑滑小子,欺詐,@惡
滑滑小子,酸液炸彈,@毒
滑滑小子,劈瓦,@格鬥
葉伊布,飛葉快刀,@草
葉伊布,電光一閃,@一般
葉伊布,種子機關槍,@草
葉伊布,日光束,@草
葉伊布,珍藏,@一般
葉伊布,能量球,@草
葉伊布,葉刃,@草
蜂女王,蟲咬,@蟲
蜂女王,毒針,@毒
蜂女王,力量寶石,@岩石
蜂女王,十字剪,@蟲
蜂女王,致命針刺,@蟲
蜂女王,蟲鳴,@蟲
蜈蚣王,蟲咬,@蟲
蜈蚣王,毒擊,@毒
蜈蚣王,十字剪,@蟲
蜈蚣王,污泥炸彈,@毒
蜈蚣王,陀螺球,@鋼
蜈蚣王,超級角擊,@蟲
路卡利歐,雙倍奉還,@格鬥
路卡利歐,子彈拳,@鋼
路卡利歐,加農光炮,@鋼
路卡利歐,波導彈,@格鬥
路卡利歐,近身戰,@格鬥
路卡利歐,暗影球,@幽靈
路卡利歐,增強拳,@格鬥
過動猿,抓,@一般
過動猿,雙倍奉還,@格鬥
過動猿,重踏,@地面
過動猿,泰山壓頂,@一般
過動猿,劈瓦,@格鬥
達克萊伊,出奇一擊,@惡
達克萊伊,大聲咆哮,@惡
達克萊伊,真氣彈,@格鬥
達克萊伊,惡之波動,@惡
達克萊伊,暗影球,@幽靈
達摩狒狒,撞擊,@一般
達摩狒狒,火焰牙,@火
達摩狒狒,燒盡,@火
達摩狒狒,岩崩,@岩石
達摩狒狒,真氣彈,@格鬥
達摩狒狒,過熱,@火
達摩狒狒,精神強念,@超能力
達摩狒狒(Galarian Zen),撞擊,@一般
達摩狒狒(Galarian Zen),冰凍牙,@冰
達摩狒狒(Galarian Zen),冰凍拳,@冰
達摩狒狒(Galarian Zen),雪崩,@冰
達摩狒狒(Galarian Zen),過熱,@火
達摩狒狒(Galarian Zen),蠻力,@格鬥
達摩狒狒(伽勒爾),撞擊,@一般
達摩狒狒(伽勒爾),冰凍牙,@冰
達摩狒狒(伽勒爾),冰凍拳,@冰
達摩狒狒(伽勒爾),雪崩,@冰
達摩狒狒(伽勒爾),過熱,@火
達摩狒狒(伽勒爾),蠻力,@格鬥
達摩狒狒(達摩),撞擊,@一般
達摩狒狒(達摩),火焰牙,@火
達摩狒狒(達摩),岩崩,@岩石
達摩狒狒(達摩),真氣彈,@格鬥
達摩狒狒(達摩),過熱,@火
達摩狒狒(達摩),精神強念,@超能力
鈴鐺響,意念頭錘,@超能力
鈴鐺響,驚嚇,@幽靈
鈴鐺響,暗影球,@幽靈
鈴鐺響,精神衝擊,@超能力
鈴鐺響,緊束,@一般
鉗尾蠍,毒針,@毒
鉗尾蠍,死纏爛打,@蟲
鉗尾蠍,十字毒刃,@毒
鉗尾蠍,水流尾,@水
鉗尾蠍,污泥炸彈,@毒
雷公,電擊,@電
雷公,伏特替換,@電
雷公,十萬伏特,@電
雷公,打雷,@電
雷公,暗影球,@幽靈
雷公,瘋狂伏特,@電
雷公(暗影),電擊,@電
雷公(暗影),伏特替換,@電
雷公(暗影),十萬伏特,@電
雷公(暗影),打雷,@電
雷公(暗影),暗影球,@幽靈
雷公(暗影),瘋狂伏特,@電
雷公(暗影),遷怒,@一般
雷丘,電擊,@電
雷丘,電光,@電
雷丘,撒嬌,@妖精
雷丘,伏特替換,@電
雷丘,火箭頭錘,@一般
雷丘,打雷,@電
雷丘,雷電拳,@電
雷丘,瘋狂伏特,@電
雷丘,劈瓦,@格鬥
雷丘(Alola),電擊,@電
雷丘(Alola),電光,@電
雷丘(Alola),伏特替換,@電
雷丘(Alola),打草結,@草
雷丘(Alola),雷電拳,@電
雷丘(Alola),瘋狂伏特,@電
雷丘(Alola),精神強念,@超能力
雷伊布,電擊,@電
雷伊布,伏特替換,@電
雷伊布,十萬伏特,@電
雷伊布,打雷,@電
雷伊布,放電,@電
雷伊布,珍藏,@一般
雷伊布,電磁炮,@電
雷吉艾斯,鎖定,@一般
雷吉艾斯,冰息,@冰
雷吉艾斯,碎岩,@格鬥
雷吉艾斯,地震,@地面
雷吉艾斯,真氣彈,@格鬥
雷吉艾斯,暴風雪,@冰
雷吉奇卡斯,意念頭錘,@超能力
雷吉奇卡斯,覺醒力量,@無
雷吉奇卡斯,打雷,@電
雷吉奇卡斯,真氣彈,@格鬥
雷吉奇卡斯,終極衝擊,@一般
雷吉洛克,鎖定,@一般
雷吉洛克,落石,@岩石
雷吉洛克,碎岩,@格鬥
雷吉洛克,尖石攻擊,@岩石
雷吉洛克,真氣彈,@格鬥
雷吉洛克,電磁炮,@電
雷吉斯奇魯,鎖定,@一般
雷吉斯奇魯,金屬爪,@鋼
雷吉斯奇魯,碎岩,@格鬥
雷吉斯奇魯,加農光炮,@鋼
雷吉斯奇魯,真氣彈,@格鬥
雷吉斯奇魯,破壞光線,@一般
雷電斑馬,踢倒,@格鬥
雷電斑馬,電光,@電
雷電斑馬,放電,@電
雷電斑馬,瘋狂伏特,@電
雷電斑馬,蓄能焰襲,@火
雷電雲,電擊,@電
雷電雲,驚嚇,@幽靈
雷電雲,打雷,@電
雷電雲,咬碎,@惡
雷電雲,雷電拳,@電
雷電雲,劈瓦,@格鬥
雷電雲(靈獸),電擊,@電
雷電雲(靈獸),驚嚇,@幽靈
雷電雲(靈獸),打雷,@電
雷電雲(靈獸),咬碎,@惡
雷電雲(靈獸),雷電拳,@電
雷電雲(靈獸),劈瓦,@格鬥
電飛鼠,電擊,@電
電飛鼠,電光一閃,@一般
電飛鼠,十萬伏特,@電
電飛鼠,放電,@電
電飛鼠,燕返,@飛行
電電蟲,突襲,@惡
電電蟲,充電光束,@電
電電蟲,十字毒刃,@毒
電電蟲,放電,@電
電電蟲,蟲鳴,@蟲
電蜘蛛,連斬,@蟲
電蜘蛛,伏特替換,@電
電蜘蛛,十字毒刃,@毒
電蜘蛛,放電,@電
電蜘蛛,能量球,@草
電蜘蛛,蟲鳴,@蟲
電燈怪,水槍,@水
電燈怪,充電光束,@電
電燈怪,十萬伏特,@電
電燈怪,水炮,@水
電燈怪,打雷,@電
電螢蟲,撞擊,@一般
電螢蟲,蟲之抵抗,@蟲
電螢蟲,十萬伏特,@電
電螢蟲,信號光束,@蟲
電螢蟲,蟲鳴,@蟲
電龍,充電光束,@電
電龍,伏特替換,@電
電龍,力量寶石,@岩石
電龍,打雷,@電
電龍,真氣彈,@格鬥
電龍,報恩,@一般
電龍,電磁炮,@電
電龍,遷怒,@一般
電龍,龍之波動,@龍
電龍(超級),充電光束,@電
電龍(超級),伏特替換,@電
電龍(超級),力量寶石,@岩石
電龍(超級),打雷,@電
電龍(超級),真氣彈,@格鬥
電龍(超級),報恩,@一般
電龍(超級),雷電拳,@電
電龍(超級),電磁炮,@電
電龍(超級),遷怒,@一般
電龍(超級),龍之波動,@龍
電擊怪,踢倒,@格鬥
電擊怪,電擊,@電
電擊怪,十萬伏特,@電
電擊怪,放電,@電
電擊怪,雷電拳,@電
電擊怪,劈瓦,@格鬥
電擊獸,踢倒,@格鬥
電擊獸,電擊,@電
電擊獸,十萬伏特,@電
電擊獸,打雷,@電
電擊獸,報恩,@一般
電擊獸,雷電拳,@電
電擊獸,遷怒,@一般
電擊魔獸,踢倒,@格鬥
電擊魔獸,電擊,@電
電擊魔獸,打雷,@電
電擊魔獸,冰凍拳,@冰
電擊魔獸,報恩,@一般
電擊魔獸,雷電拳,@電
電擊魔獸,瘋狂伏特,@電
電擊魔獸,遷怒,@一般
電擊魔獸(暗影),踢倒,@格鬥
電擊魔獸(暗影),電擊,@電
電擊魔獸(暗影),打雷,@電
電擊魔獸(暗影),冰凍拳,@冰
電擊魔獸(暗影),雷電拳,@電
電擊魔獸(暗影),瘋狂伏特,@電
電擊魔獸(暗影),噴射火焰,@火
電擊魔獸(暗影),遷怒,@一般
頓甲,撞擊,@一般
頓甲,雙倍奉還,@格鬥
頓甲,撒嬌,@妖精
頓甲,擲泥,@地面
頓甲,地震,@地面
頓甲,重磅衝撞,@鋼
頓甲,嬉鬧,@妖精
嘎啦嘎啦,碎岩,@格鬥
嘎啦嘎啦,擲泥,@地面
嘎啦嘎啦,地震,@地面
嘎啦嘎啦,挖洞,@地面
嘎啦嘎啦,骨棒,@地面
嘎啦嘎啦,報恩,@一般
嘎啦嘎啦,遷怒,@一般
嘎啦嘎啦(Alola),火焰旋渦,@火
嘎啦嘎啦(Alola),碎岩,@格鬥
嘎啦嘎啦(Alola),禍不單行,@幽靈
嘎啦嘎啦(Alola),大字爆炎,@火
嘎啦嘎啦(Alola),火焰輪,@火
嘎啦嘎啦(Alola),骨棒,@地面
嘎啦嘎啦(Alola),暗影球,@幽靈
夢妖,驚嚇,@幽靈
夢妖,禍不單行,@幽靈
夢妖,奇異之風,@幽靈
夢妖,報恩,@一般
夢妖,惡之波動,@惡
夢妖,影子偷襲,@幽靈
夢妖,遷怒,@一般
夢妖魔,突襲,@惡
夢妖魔,禍不單行,@幽靈
夢妖魔,惡之波動,@惡
夢妖魔,暗影球,@幽靈
夢妖魔,魔法閃耀,@妖精
夢夢蝕,意念頭錘,@超能力
夢夢蝕,充電光束,@電
夢夢蝕,預知未來,@超能力
夢夢蝕,精神衝擊,@超能力
夢夢蝕,魔法閃耀,@妖精
夢歌仙人掌,毒擊,@毒
夢歌仙人掌,突襲,@惡
夢歌仙人掌,打草結,@草
夢歌仙人掌,報恩,@一般
夢歌仙人掌,惡之波動,@惡
夢歌仙人掌,遷怒,@一般
夢歌仙人掌,爆裂拳,@格鬥
摔角鷹人,踢倒,@格鬥
摔角鷹人,毒擊,@毒
摔角鷹人,翅膀攻擊,@飛行
摔角鷹人,十字剪,@蟲
摔角鷹人,飛身重壓,@格鬥
摔角鷹人,神鳥猛擊,@飛行
榛果球,撞擊,@一般
榛果球,蟲咬,@蟲
榛果球,岩石封鎖,@岩石
榛果球,陀螺球,@鋼
榛果球,流沙地獄,@地面
榛果球,報恩,@一般
榛果球,遷怒,@一般
熊寶寶,抓,@一般
熊寶寶,舌舔,@幽靈
熊寶寶,十字劈,@格鬥
熊寶寶,咬碎,@惡
熊寶寶,報恩,@一般
熊寶寶,嬉鬧,@妖精
熊寶寶,遷怒,@一般
熔岩蝸牛,落石,@岩石
熔岩蝸牛,火花,@火
熔岩蝸牛,尖石攻擊,@岩石
熔岩蝸牛,過熱,@火
熔岩蝸牛,熱風,@火
熔岩蟲,落石,@岩石
熔岩蟲,火花,@火
熔岩蟲,岩崩,@岩石
熔岩蟲,烈焰濺射,@火
熔岩蟲,蓄能焰襲,@火
熔蟻獸,舌舔,@幽靈
熔蟻獸,火焰旋渦,@火
熔蟻獸,雷電拳,@電
熔蟻獸,噴射火焰,@火
熔蟻獸,增強拳,@格鬥
瑪力露麗,碎岩,@格鬥
瑪力露麗,泡沫,@水
瑪力露麗,水炮,@水
瑪力露麗,冰凍光束,@冰
瑪力露麗,嬉鬧,@妖精
瑪狃拉,出奇一擊,@惡
瑪狃拉,冰礫,@冰
瑪狃拉,大聲咆哮,@惡
瑪狃拉,真氣彈,@格鬥
瑪狃拉,雪崩,@冰
瑪狃拉,報恩,@一般
瑪狃拉,欺詐,@惡
瑪狃拉,遷怒,@一般
瑪納霏,攀瀑,@水
瑪納霏,泡沫,@水
瑪納霏,泡沫光線,@水
瑪納霏,精神強念,@超能力
瑪納霏,衝浪,@水
種子鐵球,撞擊,@一般
種子鐵球,金屬爪,@鋼
種子鐵球,加農光炮,@鋼
種子鐵球,陀螺球,@鋼
種子鐵球,鐵頭,@鋼
舞天鵝,水槍,@水
舞天鵝,空氣斬,@飛行
舞天鵝,冰凍光束,@冰
舞天鵝,泡沫光線,@水
舞天鵝,暴風,@飛行
蓋蓋蟲,連斬,@蟲
蓋蓋蟲,啄,@飛行
蓋蓋蟲,十字剪,@蟲
蓋蓋蟲,直衝鑽,@地面
蓋蓋蟲,信號光束,@蟲
蓋蓋蟲,燕返,@飛行
蓋歐卡,攀瀑,@水
蓋歐卡,水炮,@水
蓋歐卡,打雷,@電
蓋歐卡,暴風雪,@冰
蓋歐卡,衝浪,@水
蓋諾賽克特,連斬,@蟲
蓋諾賽克特,金屬爪,@鋼
蓋諾賽克特,十字剪,@蟲
蓋諾賽克特,破壞光線,@一般
蓋諾賽克特,磁鐵炸彈,@鋼
蜥蜴王,連斬,@蟲
蜥蜴王,種子機關槍,@草
蜥蜴王,地震,@地面
蜥蜴王,葉刃,@草
蜥蜴王,瘋狂植物,@草
蜥蜴王,燕返,@飛行
蜥蜴王,龍爪,@龍
蜻蜻蜓,翅膀攻擊,@飛行
蜻蜻蜓,電光一閃,@一般
蜻蜻蜓,原始之力,@岩石
蜻蜻蜓,銀色旋風,@蟲
蜻蜻蜓,燕返,@飛行
赫拉克羅斯,雙倍奉還,@格鬥
赫拉克羅斯,蟲之抵抗,@蟲
赫拉克羅斯,地震,@地面
赫拉克羅斯,近身戰,@格鬥
赫拉克羅斯,超級角擊,@蟲
輕飄飄,泡沫,@水
輕飄飄,禍不單行,@幽靈
輕飄飄,冰凍光束,@冰
輕飄飄,奇異之風,@幽靈
輕飄飄,黑夜魔影,@幽靈
遠古巨蜓,蟲咬,@蟲
遠古巨蜓,翅膀攻擊,@飛行
遠古巨蜓,原始之力,@岩石
遠古巨蜓,燕返,@飛行
遠古巨蜓,蟲鳴,@蟲
酷豹,撒嬌,@妖精
酷豹,大聲咆哮,@惡
酷豹,垃圾射擊,@毒
酷豹,惡之波動,@惡
酷豹,嬉鬧,@妖精
鳳王,鋼翼,@鋼
鳳王,神通力,@超能力
鳳王,覺醒力量,@無
鳳王,燒盡,@火
鳳王,大字爆炎,@火
鳳王,日光束,@草
鳳王,勇鳥猛攻,@飛行
劈斬司令,金屬爪,@鋼
劈斬司令,大聲咆哮,@惡
劈斬司令,十字剪,@蟲
劈斬司令,真氣彈,@格鬥
劈斬司令,惡之波動,@惡
劈斬司令,鐵頭,@鋼
噗噗豬,神通力,@超能力
噗噗豬,充電光束,@電
噗噗豬,暗影球,@幽靈
噗噗豬,精神強念,@超能力
噗噗豬,鏡面反射,@超能力
噴火龍,翅膀攻擊,@飛行
噴火龍,火花,@火
噴火龍,火焰旋渦,@火
噴火龍,空氣斬,@飛行
噴火龍,大字爆炎,@火
噴火龍,報恩,@一般
噴火龍,過熱,@火
噴火龍,噴射火焰,@火
噴火龍,遷怒,@一般
噴火龍,龍爪,@龍
噴火龍,爆炸烈焰,@火
噴火龍(超級X),翅膀攻擊,@飛行
噴火龍(超級X),火花,@火
噴火龍(超級X),火焰旋渦,@火
噴火龍(超級X),空氣斬,@飛行
噴火龍(超級X),大字爆炎,@火
噴火龍(超級X),報恩,@一般
噴火龍(超級X),過熱,@火
噴火龍(超級X),噴射火焰,@火
噴火龍(超級X),遷怒,@一般
噴火龍(超級X),龍爪,@龍
噴火龍(超級X),爆炸烈焰,@火
噴火龍(超級Y),翅膀攻擊,@飛行
噴火龍(超級Y),火花,@火
噴火龍(超級Y),火焰旋渦,@火
噴火龍(超級Y),空氣斬,@飛行
噴火龍(超級Y),大字爆炎,@火
噴火龍(超級Y),報恩,@一般
噴火龍(超級Y),過熱,@火
噴火龍(超級Y),噴射火焰,@火
噴火龍(超級Y),遷怒,@一般
噴火龍(超級Y),龍爪,@龍
噴火龍(超級Y),爆炸烈焰,@火
墨海馬,水槍,@水
墨海馬,泡沫,@水
墨海馬,加農光炮,@鋼
墨海馬,泡沫光線,@水
墨海馬,龍之波動,@龍
摩魯蛾,蟲咬,@蟲
摩魯蛾,死纏爛打,@蟲
摩魯蛾,念力,@超能力
摩魯蛾,報恩,@一般
摩魯蛾,精神強念,@超能力
摩魯蛾,銀色旋風,@蟲
摩魯蛾,劇毒牙,@毒
摩魯蛾,遷怒,@一般
摩魯蛾,蟲鳴,@蟲
暴飛龍,咬住,@惡
暴飛龍,火焰牙,@火
暴飛龍,龍尾,@龍
暴飛龍,大字爆炎,@火
暴飛龍,水炮,@水
暴飛龍,流星群,@龍
暴飛龍,逆鱗,@龍
暴雪王,飛葉快刀,@草
暴雪王,細雪,@冰
暴雪王,能量球,@草
暴雪王,逆鱗,@龍
暴雪王,暴風雪,@冰
暴鯉龍,咬住,@惡
暴鯉龍,龍息,@龍
暴鯉龍,攀瀑,@水
暴鯉龍,龍尾,@龍
暴鯉龍,水炮,@水
暴鯉龍,咬碎,@惡
暴鯉龍,逆鱗,@龍
暴鯉龍,報恩,@一般
暴鯉龍,遷怒,@一般
暴鯉龍,龍之波動,@龍
暴鯉龍,龍卷風,@龍
暴鯉龍(超級),咬住,@惡
暴鯉龍(超級),龍息,@龍
暴鯉龍(超級),攀瀑,@水
暴鯉龍(超級),龍尾,@龍
暴鯉龍(超級),水流尾,@水
暴鯉龍(超級),水炮,@水
暴鯉龍(超級),咬碎,@惡
暴鯉龍(超級),逆鱗,@龍
暴鯉龍(超級),報恩,@一般
暴鯉龍(超級),遷怒,@一般
暴鯉龍(超級),龍之波動,@龍
暴鯉龍(超級),龍卷風,@龍
樂天河童,飛葉快刀,@草
樂天河童,泡沫,@水
樂天河童,日光束,@草
樂天河童,水炮,@水
樂天河童,冰凍光束,@冰
樂天河童,暴風雪,@冰
熱帶龍,飛葉快刀,@草
熱帶龍,空氣斬,@飛行
熱帶龍,葉刃,@草
熱帶龍,踩踏,@一般
熱帶龍,燕返,@飛行
蓮帽小童,飛葉快刀,@草
蓮帽小童,泡沫,@水
蓮帽小童,打草結,@草
蓮帽小童,冰凍光束,@冰
蓮帽小童,泡沫光線,@水
蓮葉童子,水槍,@水
蓮葉童子,飛葉快刀,@草
蓮葉童子,泡沫光線,@水
蓮葉童子,能量球,@草
蔓藤怪,藤鞭,@草
蔓藤怪,死纏爛打,@蟲
蔓藤怪,日光束,@草
蔓藤怪,打草結,@草
蔓藤怪,污泥炸彈,@毒
蔓藤怪,強力鞭打,@草
蔥遊兵,連斬,@蟲
蔥遊兵,雙倍奉還,@格鬥
蔥遊兵,近身戰,@格鬥
蔥遊兵,勇鳥猛攻,@飛行
蔥遊兵,暗襲要害,@惡
蔥遊兵,葉刃,@草
請假王,哈欠,@一般
請假王,地震,@地面
請假王,泰山壓頂,@一般
請假王,破壞光線,@一般
請假王,嬉鬧,@妖精
駒刀小兵,抓,@一般
駒刀小兵,連斬,@蟲
駒刀小兵,十字剪,@蟲
駒刀小兵,暗襲要害,@惡
駒刀小兵,鐵頭,@鋼
魅力喵,抓,@一般
魅力喵,電光一閃,@一般
魅力喵,十萬伏特,@電
魅力喵,嬉鬧,@妖精
魅力喵,燕返,@飛行
齒輪兒,充電光束,@電
齒輪兒,伏特替換,@電
齒輪兒,夾住,@一般
齒輪兒,放電,@電
齒輪兒,電磁炮,@電
齒輪怪,電擊,@電
齒輪怪,充電光束,@電
齒輪怪,加農光炮,@鋼
齒輪怪,破壞光線,@一般
齒輪怪,電磁炮,@電
齒輪怪,鏡光射擊,@鋼
齒輪組,電擊,@電
齒輪組,充電光束,@電
齒輪組,加農光炮,@鋼
齒輪組,破壞光線,@一般
齒輪組,電磁炮,@電
齒輪組,鏡光射擊,@鋼
戰槌龍,擊落,@岩石
戰槌龍,意念頭錘,@超能力
戰槌龍,岩崩,@岩石
戰槌龍,逆鱗,@龍
戰槌龍,噴射火焰,@火
戰舞郎,雙倍奉還,@格鬥
戰舞郎,碎岩,@格鬥
戰舞郎,尖石攻擊,@岩石
戰舞郎,近身戰,@格鬥
戰舞郎,陀螺球,@鋼
樹才怪,落石,@岩石
樹才怪,雙倍奉還,@格鬥
樹才怪,地震,@地面
樹才怪,尖石攻擊,@岩石
樹才怪,岩崩,@岩石
燃燒蟲,蟲咬,@蟲
燃燒蟲,火花,@火
燃燒蟲,火焰輪,@火
燃燒蟲,蓄能焰襲,@火
燃燒蟲,蟲鳴,@蟲
燈火幽靈,火花,@火
燈火幽靈,驚嚇,@幽靈
燈火幽靈,烈焰濺射,@火
燈火幽靈,能量球,@草
燈火幽靈,熱風,@火
獨角犀牛,碎岩,@格鬥
獨角犀牛,擲泥,@地面
獨角犀牛,角撞,@一般
獨角犀牛,重踏,@地面
獨角犀牛,報恩,@一般
獨角犀牛,踩踏,@一般
獨角犀牛,遷怒,@一般
獨角蟲,蟲咬,@蟲
獨角蟲,毒針,@毒
獨角蟲,直衝鑽,@地面
獨角蟲,掙扎,@一般
獨角蟲,報恩,@一般
獨角蟲,遷怒,@一般
螢光魚,水槍,@水
螢光魚,拍擊,@一般
螢光魚,水之波動,@水
螢光魚,冰凍光束,@冰
螢光魚,銀色旋風,@蟲
貓老大,抓,@一般
貓老大,出奇一擊,@惡
貓老大,力量寶石,@岩石
貓老大,報恩,@一般
貓老大,欺詐,@惡
貓老大,暗襲要害,@惡
貓老大,嬉鬧,@妖精
貓老大,遷怒,@一般
貓老大(Alola),抓,@一般
貓老大(Alola),出奇一擊,@惡
貓老大(Alola),惡之波動,@惡
貓老大(Alola),欺詐,@惡
貓老大(Alola),嬉鬧,@妖精
貓頭夜鷹,翅膀攻擊,@飛行
貓頭夜鷹,神通力,@超能力
貓頭夜鷹,神鳥猛擊,@飛行
貓頭夜鷹,黑夜魔影,@幽靈
貓頭夜鷹,精神強念,@超能力
貓鼬斬,連斬,@蟲
貓鼬斬,暗影爪,@幽靈
貓鼬斬,近身戰,@格鬥
貓鼬斬,挖洞,@地面
貓鼬斬,暗襲要害,@惡
隨風球,驚嚇,@幽靈
隨風球,禍不單行,@幽靈
隨風球,冰凍之風,@冰
隨風球,奇異之風,@幽靈
隨風球,暗影球,@幽靈
霓虹魚,水槍,@水
霓虹魚,攀瀑,@水
霓虹魚,水之波動,@水
霓虹魚,銀色旋風,@蟲
霓虹魚,暴風雪,@冰
頭巾混混,雙倍奉還,@格鬥
頭巾混混,大聲咆哮,@惡
頭巾混混,欺詐,@惡
頭巾混混,酸液炸彈,@毒
頭巾混混,增強拳,@格鬥
頭蓋龍,猛撞,@一般
頭蓋龍,意念頭錘,@超能力
頭蓋龍,岩石封鎖,@岩石
頭蓋龍,重踏,@地面
頭蓋龍,原始之力,@岩石
鴨嘴火獸,火花,@火
鴨嘴火獸,空手劈,@格鬥
鴨嘴火獸,大字爆炎,@火
鴨嘴火獸,炎焰拳,#N/A
鴨嘴火獸,報恩,@一般
鴨嘴火獸,噴射火焰,@火
鴨嘴火獸,遷怒,@一般
鴨嘴炎獸,火焰旋渦,@火
鴨嘴炎獸,空手劈,@格鬥
鴨嘴炎獸,大字爆炎,@火
鴨嘴炎獸,火焰拳,@火
鴨嘴炎獸,報恩,@一般
鴨嘴炎獸,精神強念,@超能力
鴨嘴炎獸,劈瓦,@格鬥
鴨嘴炎獸,遷怒,@一般
鴨嘴寶寶,火花,@火
鴨嘴寶寶,空手劈,@格鬥
鴨嘴寶寶,火焰拳,@火
鴨嘴寶寶,烈焰濺射,@火
鴨嘴寶寶,劈瓦,@格鬥
鴨嘴寶寶,噴射火焰,@火
鴨寶寶,水槍,@水
鴨寶寶,翅膀攻擊,@飛行
鴨寶寶,泡沫光線,@水
鴨寶寶,勇鳥猛攻,@飛行
鴨寶寶,燕返,@飛行
龍王蠍,咬住,@惡
龍王蠍,毒針,@毒
龍王蠍,死纏爛打,@蟲
龍王蠍,冰凍牙,@冰
龍王蠍,水流尾,@水
龍王蠍,污泥炸彈,@毒
龍王蠍,咬碎,@惡
龍王蠍,致命針刺,@蟲
龍捲雲,咬住,@惡
龍捲雲,空氣斬,@飛行
龍捲雲,打草結,@草
龍捲雲,破壞光線,@一般
龍捲雲,惡之波動,@惡
龍捲雲,暴風,@飛行
龍捲雲(靈獸),咬住,@惡
龍捲雲(靈獸),空氣斬,@飛行
龍捲雲(靈獸),打草結,@草
龍捲雲(靈獸),破壞光線,@一般
龍捲雲(靈獸),惡之波動,@惡
龍捲雲(靈獸),暴風,@飛行
龍頭地鼠,金屬爪,@鋼
龍頭地鼠,擲泥,@地面
龍頭地鼠,地震,@地面
龍頭地鼠,岩崩,@岩石
龍頭地鼠,直衝鑽,@地面
龍頭地鼠,鐵頭,@鋼
戴魯比,出奇一擊,@惡
戴魯比,火花,@火
戴魯比,咬碎,@惡
戴魯比,報恩,@一般
戴魯比,惡之波動,@惡
戴魯比,噴射火焰,@火
戴魯比,遷怒,@一般
燭光靈,火花,@火
燭光靈,驚嚇,@幽靈
燭光靈,烈焰濺射,@火
燭光靈,蓄能焰襲,@火
燭光靈,熱風,@火
謝米(天空),意念頭錘,@超能力
謝米(天空),覺醒力量,@無
謝米(天空),日光束,@草
謝米(天空),打草結,@草
謝米(天空),能量球,@草
謝米(陸地),意念頭錘,@超能力
謝米(陸地),覺醒力量,@無
謝米(陸地),日光束,@草
謝米(陸地),打草結,@草
謝米(陸地),能量球,@草
黏美龍,龍息,@龍
黏美龍,水槍,@水
黏美龍,污泥波,@毒
黏美龍,流星群,@龍
黏美龍,強力鞭打,@草
黏美龍,濁流,@水
獵斑魚,咬住,@惡
獵斑魚,水槍,@水
獵斑魚,水流尾,@水
獵斑魚,冰凍光束,@冰
獵斑魚,咬碎,@惡
藍蟾蜍,泥巴射擊,@地面
藍蟾蜍,泡沫,@水
藍蟾蜍,大地之力,@地面
藍蟾蜍,水之波動,@水
藍蟾蜍,污泥波,@毒
藍鱷,抓,@一般
藍鱷,水槍,@水
藍鱷,水之波動,@水
藍鱷,冰凍拳,@冰
藍鱷,咬碎,@惡
蟲寶包,蟲咬,@蟲
蟲寶包,蟲之抵抗,@蟲
蟲寶包,能量球,@草
蟲寶包,種子炸彈,@草
蟲寶包,銀色旋風,@蟲
雙刃丸,水槍,@水
雙刃丸,連斬,@蟲
雙刃丸,十字剪,@蟲
雙刃丸,水之波動,@水
雙刃丸,水流尾,@水
雙卵細胞球,意念頭錘,@超能力
雙卵細胞球,覺醒力量,@無
雙卵細胞球,打雷,@電
雙卵細胞球,黑夜魔影,@幽靈
雙卵細胞球,精神衝擊,@超能力
雙尾怪手,抓,@一般
雙尾怪手,驚嚇,@幽靈
雙尾怪手,下盤踢,@格鬥
雙尾怪手,破壞光線,@一般
雙尾怪手,燕返,@飛行
雙斧戰龍,雙倍奉還,@格鬥
雙斧戰龍,龍尾,@龍
雙斧戰龍,地震,@地面
雙斧戰龍,暗襲要害,@惡
雙斧戰龍,衝浪,@水
雙斧戰龍,龍爪,@龍
雙首暴龍,咬住,@惡
雙首暴龍,龍息,@龍
雙首暴龍,泰山壓頂,@一般
雙首暴龍,惡之波動,@惡
雙首暴龍,龍之波動,@龍
雙倍多多冰,冰息,@冰
雙倍多多冰,驚嚇,@幽靈
雙倍多多冰,加農光炮,@鋼
雙倍多多冰,信號光束,@蟲
雙倍多多冰,暴風雪,@冰
雙彈瓦斯,撞擊,@一般
雙彈瓦斯,溶解液,@毒
雙彈瓦斯,死纏爛打,@蟲
雙彈瓦斯,十萬伏特,@電
雙彈瓦斯,污泥炸彈,@毒
雙彈瓦斯,報恩,@一般
雙彈瓦斯,惡之波動,@惡
雙彈瓦斯,暗影球,@幽靈
雙彈瓦斯,遷怒,@一般
雙彈瓦斯(Galarian),撞擊,@一般
雙彈瓦斯(Galarian),污泥攻擊,@毒
雙彈瓦斯(Galarian),破壞光線,@一般
雙彈瓦斯(Galarian),過熱,@火
雙彈瓦斯(Galarian),嬉鬧,@妖精
騎士蝸牛,蟲咬,@蟲
騎士蝸牛,雙倍奉還,@格鬥
騎士蝸牛,直衝鑽,@地面
騎士蝸牛,超級角擊,@蟲
騎士蝸牛,酸液炸彈,@毒
騎士蝸牛,燕返,@飛行
騎拉帝納(另類),龍息,@龍
騎拉帝納(另類),暗影爪,@幽靈
騎拉帝納(另類),原始之力,@岩石
騎拉帝納(另類),影子偷襲,@幽靈
騎拉帝納(另類),龍爪,@龍
騎拉帝納(起源),暗影爪,@幽靈
騎拉帝納(起源),龍尾,@龍
騎拉帝納(起源),奇異之風,@幽靈
騎拉帝納(起源),暗影球,@幽靈
騎拉帝納(起源),龍之波動,@龍
爆炸頭水牛,泥巴射擊,@地面
爆炸頭水牛,意念頭錘,@超能力
爆炸頭水牛,火箭頭錘,@一般
爆炸頭水牛,地震,@地面
爆炸頭水牛,超級角擊,@蟲
爆炸頭水牛,踩踏,@一般
爆音怪,咬住,@惡
爆音怪,驚嚇,@幽靈
爆音怪,大字爆炎,@火
爆音怪,咬碎,@惡
爆音怪,魅惑之聲,@妖精
爆香猿,咬住,@惡
爆香猿,火焰旋渦,@火
爆香猿,大字爆炎,@火
爆香猿,咬碎,@惡
爆香猿,噴射火焰,@火
羅絲雷朵,毒擊,@毒
羅絲雷朵,飛葉快刀,@草
羅絲雷朵,種子機關槍,@草
羅絲雷朵,日光束,@草
羅絲雷朵,打草結,@草
羅絲雷朵,污泥炸彈,@毒
羅絲雷朵,飛葉風暴,@草
羅絲雷朵,氣象球,@火
羅絲雷朵,魔法閃耀,@妖精
藤藤蛇,撞擊,@一般
藤藤蛇,藤鞭,@草
藤藤蛇,能量球,@草
藤藤蛇,種子炸彈,@草
藤藤蛇,緊束,@一般
蟾蜍王,泥巴射擊,@地面
蟾蜍王,泡沫,@水
蟾蜍王,大地之力,@地面
蟾蜍王,污泥炸彈,@毒
蟾蜍王,濁流,@水
鯰魚王,水槍,@水
鯰魚王,泥巴射擊,@地面
鯰魚王,水之波動,@水
鯰魚王,泥巴炸彈,@地面
鯰魚王,暴風雪,@冰
麒麟奇,撞擊,@一般
麒麟奇,念力,@超能力
麒麟奇,十萬伏特,@電
麒麟奇,精神強念,@超能力
麒麟奇,鏡面反射,@超能力
龐岩怪,擊落,@岩石
龐岩怪,擲泥,@地面
龐岩怪,日光束,@草
龐岩怪,岩崩,@岩石
龐岩怪,重磅衝撞,@鋼
龐岩怪,蠻力,@格鬥
寶石海星,水槍,@水
寶石海星,撞擊,@一般
寶石海星,電光一閃,@一般
寶石海星,覺醒力量,@無
寶石海星,力量寶石,@岩石
寶石海星,幻象光線,@超能力
寶石海星,水炮,@水
寶石海星,打雷,@電
寶石海星,冰凍光束,@冰
寶石海星,精神強念,@超能力
寶貝龍,咬住,@惡
寶貝龍,火花,@火
寶貝龍,咬碎,@惡
寶貝龍,報恩,@一般
寶貝龍,噴射火焰,@火
寶貝龍,遷怒,@一般
寶貝龍,龍卷風,@龍
寶蟲繭,蟲咬,@蟲
寶蟲繭,蟲之抵抗,@蟲
寶蟲繭,能量球,@草
寶蟲繭,銀色旋風,@蟲
寶蟲繭,蟲鳴,@蟲
觸手百合,溶解液,@毒
觸手百合,死纏爛打,@蟲
觸手百合,打草結,@草
觸手百合,原始之力,@岩石
觸手百合,鏡面反射,@超能力
飄飄球,驚嚇,@幽靈
飄飄球,禍不單行,@幽靈
飄飄球,冰凍之風,@冰
飄飄球,奇異之風,@幽靈
飄飄球,暗影球,@幽靈
櫻花兒,飛葉快刀,@草
櫻花兒,種子機關槍,@草
櫻花兒,日光束,@草
櫻花兒,氣象球(火),@火
櫻花兒,破壞光線,@一般
櫻花兒,魔法閃耀,@妖精
櫻花魚,水槍,@水
櫻花魚,念力,@超能力
櫻花魚,水之波動,@水
櫻花魚,吸取之吻,@妖精
櫻花魚,精神強念,@超能力
櫻花寶,撞擊,@一般
櫻花寶,種子機關槍,@草
櫻花寶,落英繽紛,@草
櫻花寶,種子炸彈,@草
櫻花寶,魔法閃耀,@妖精
護城龍,鐵尾,@鋼
護城龍,擊落,@岩石
護城龍,加農光炮,@鋼
護城龍,尖石攻擊,@岩石
護城龍,噴射火焰,@火
鐮刀盔,連斬,@蟲
鐮刀盔,泥巴射擊,@地面
鐮刀盔,攀瀑,@水
鐮刀盔,碎岩,@格鬥
鐮刀盔,水之波動,@水
鐮刀盔,尖石攻擊,@岩石
鐮刀盔,原始之力,@岩石
鐵骨土人,踢倒,@格鬥
鐵骨土人,毒擊,@毒
鐵骨土人,下盤踢,@格鬥
鐵骨土人,尖石攻擊,@岩石
鐵骨土人,劈瓦,@格鬥
鐵啞鈴,猛撞,@一般
鐵啞鈴,掙扎,@一般
鐵啞鈴,報恩,@一般
鐵啞鈴,遷怒,@一般
鐵掌力士,雙倍奉還,@格鬥
鐵掌力士,子彈拳,@鋼
鐵掌力士,近身戰,@格鬥
鐵掌力士,重磅衝撞,@鋼
鐵掌力士,爆裂拳,@格鬥
鐵掌力士,蠻力,@格鬥
鐵殼蛹,蟲咬,@蟲
鐵殼蛹,毒針,@毒
鐵殼蛹,掙扎,@一般
鐵殼蛹,報恩,@一般
鐵殼蛹,遷怒,@一般
鐵蟻,蟲咬,@蟲
鐵蟻,金屬爪,@鋼
鐵蟻,十字剪,@蟲
鐵蟻,尖石攻擊,@岩石
鐵蟻,鐵頭,@鋼
霸王花,飛葉快刀,@草
霸王花,溶解液,@毒
霸王花,日光束,@草
霸王花,月亮之力,@妖精
霸王花,污泥炸彈,@毒
霸王花,報恩,@一般
霸王花,落英繽紛,@草
霸王花,遷怒,@一般
魔尼尼,拍擊,@一般
魔尼尼,念力,@超能力
魔尼尼,幻象光線,@超能力
魔尼尼,精神強念,@超能力
魔尼尼,精神衝擊,@超能力
魔牆人偶,意念頭錘,@超能力
魔牆人偶,念力,@超能力
魔牆人偶,幻象光線,@超能力
魔牆人偶,暗影球,@幽靈
魔牆人偶,精神強念,@超能力
變隱龍,舌舔,@幽靈
變隱龍,突襲,@惡
變隱龍,打雷,@電
變隱龍,冰凍光束,@冰
變隱龍,欺詐,@惡
變隱龍,噴射火焰,@火
變隱龍,影子偷襲,@幽靈
變隱龍,燕返,@飛行
驚角鹿,撞擊,@一般
驚角鹿,意念頭錘,@超能力
驚角鹿,報恩,@一般
驚角鹿,超級角擊,@蟲
驚角鹿,瘋狂伏特,@電
驚角鹿,踩踏,@一般
驚角鹿,遷怒,@一般
鑽角犀獸,擊落,@岩石
鑽角犀獸,擲泥,@地面
鑽角犀獸,火箭頭錘,@一般
鑽角犀獸,地震,@地面
鑽角犀獸,尖石攻擊,@岩石
鑽角犀獸,報恩,@一般
鑽角犀獸,衝浪,@水
鑽角犀獸,遷怒,@一般
鑽角犀獸,蠻力,@格鬥
薩戮德,咬住,@惡
薩戮德,藤鞭,@草
薩戮德,能量球,@草
薩戮德,強力鞭打,@草
薩戮德,惡之波動,@惡
藏瑪然特(百戰勇者),大聲咆哮,@惡
藏瑪然特(百戰勇者),冰凍牙,@冰
藏瑪然特(百戰勇者),金屬爪,@鋼
藏瑪然特(百戰勇者),電光一閃,@一般
藏瑪然特(百戰勇者),月亮之力,@妖精
藏瑪然特(百戰勇者),近身戰,@格鬥
藏瑪然特(百戰勇者),咬碎,@惡
藏瑪然特(百戰勇者),鐵頭,@鋼
藏瑪然特(盾之王),大聲咆哮,@惡
藏瑪然特(盾之王),冰凍牙,@冰
藏瑪然特(盾之王),金屬爪,@鋼
藏瑪然特(盾之王),電光一閃,@一般
藏瑪然特(盾之王),月亮之力,@妖精
藏瑪然特(盾之王),近身戰,@格鬥
藏瑪然特(盾之王),咬碎,@惡
藏瑪然特(盾之王),鐵頭,@鋼
蒼響(百戰勇者),大聲咆哮,@惡
蒼響(百戰勇者),火焰牙,@火
蒼響(百戰勇者),金屬爪,@鋼
蒼響(百戰勇者),電光一閃,@一般
蒼響(百戰勇者),近身戰,@格鬥
蒼響(百戰勇者),瘋狂伏特,@電
蒼響(百戰勇者),嬉鬧,@妖精
蒼響(百戰勇者),鐵頭,@鋼
蒼響(劍之王),大聲咆哮,@惡
蒼響(劍之王),火焰牙,@火
蒼響(劍之王),金屬爪,@鋼
蒼響(劍之王),電光一閃,@一般
蒼響(劍之王),近身戰,@格鬥
蒼響(劍之王),瘋狂伏特,@電
蒼響(劍之王),嬉鬧,@妖精
蒼響(劍之王),鐵頭,@鋼
飛天螳螂(暗影),連斬,@蟲
飛天螳螂(暗影),燕返,@飛行
飛天螳螂(暗影),蟲鳴,@蟲
